0.000000,0.000000,1.000000,0.000000,1.000000,0.000000,-1.000000,0.000000,0.000000,0.000000,0.000000,0.500000,0.000000
-0.000001,-0.000002,1.000000,-0.000001,1.000000,0.000002,-1.000000,-0.000001,-0.000001,-0.000001,-0.000000,0.500000,0.000000
-0.000005,-0.000013,1.000000,-0.000005,1.000000,0.000013,-1.000000,-0.000005,-0.000005,-0.000009,-0.000002,0.499998,0.000000
-0.000018,-0.000043,1.000000,-0.000018,1.000000,0.000043,-1.000000,-0.000018,-0.000018,-0.000029,-0.000006,0.499992,0.000000
-0.000042,-0.000101,1.000000,-0.000042,1.000000,0.000101,-1.000000,-0.000042,-0.000042,-0.000068,-0.000014,0.499982,0.000000
-0.000081,-0.000196,1.000000,-0.000081,1.000000,0.000196,-1.000000,-0.000081,-0.000081,-0.000132,-0.000028,0.499965,0.000000
-0.000139,-0.000336,1.000000,-0.000139,1.000000,0.000336,-1.000000,-0.000139,-0.000139,-0.000227,-0.000048,0.499940,0.000000
-0.000219,-0.000529,1.000000,-0.000219,1.000000,0.000529,-1.000000,-0.000219,-0.000219,-0.000357,-0.000076,0.499906,0.000000
-0.000325,-0.000784,1.000000,-0.000325,1.000000,0.000784,-1.000000,-0.000325,-0.000325,-0.000529,-0.000112,0.499861,0.000000
-0.000459,-0.001109,0.999999,-0.000459,0.999999,0.001108,-1.000000,-0.000459,-0.000459,-0.000748,-0.000159,0.499803,0.000000
-0.000625,-0.001509,0.999999,-0.000626,0.999999,0.001509,-1.000000,-0.000625,-0.000626,-0.001018,-0.000216,0.499732,0.000000
-0.000825,-0.001994,0.999998,-0.000827,0.999998,0.001994,-0.999999,-0.000825,-0.000827,-0.001345,-0.000285,0.499646,0.000000
-0.001063,-0.002570,0.999996,-0.001066,0.999996,0.002569,-0.999999,-0.001063,-0.001066,-0.001734,-0.000368,0.499544,0.000000
-0.001341,-0.003243,0.999994,-0.001345,0.999994,0.003242,-0.999998,-0.001341,-0.001345,-0.002188,-0.000464,0.499425,0.000000
-0.001662,-0.004021,0.999991,-0.001668,0.999991,0.004018,-0.999997,-0.001662,-0.001668,-0.002712,-0.000575,0.499287,0.000000
-0.002027,-0.004909,0.999986,-0.002037,0.999986,0.004904,-0.999996,-0.002027,-0.002037,-0.003310,-0.000702,0.499130,0.000000
-0.002441,-0.005913,0.999980,-0.002455,0.999980,0.005907,-0.999994,-0.002441,-0.002455,-0.003987,-0.000846,0.498952,0.000000
-0.002904,-0.007039,0.999971,-0.002924,0.999971,0.007031,-0.999992,-0.002904,-0.002924,-0.004746,-0.001007,0.498752,0.000000
-0.003419,-0.008293,0.999960,-0.003447,0.999960,0.008281,-0.999988,-0.003419,-0.003447,-0.005591,-0.001186,0.498530,0.000000
-0.003987,-0.009680,0.999945,-0.004026,0.999945,0.009664,-0.999984,-0.003987,-0.004026,-0.006526,-0.001384,0.498285,0.000000
-0.004611,-0.011206,0.999927,-0.004663,0.999927,0.011184,-0.999978,-0.004611,-0.004663,-0.007553,-0.001602,0.498014,0.000000
-0.005293,-0.012874,0.999903,-0.005361,0.999903,0.012846,-0.999972,-0.005293,-0.005361,-0.008677,-0.001841,0.497719,0.000000
-0.006033,-0.014691,0.999874,-0.006122,0.999874,0.014654,-0.999963,-0.006033,-0.006122,-0.009899,-0.002100,0.497398,0.000000
-0.006833,-0.016659,0.999838,-0.006948,0.999838,0.016612,-0.999953,-0.006833,-0.006948,-0.011224,-0.002381,0.497050,0.000000
-0.007695,-0.018784,0.999794,-0.007841,0.999794,0.018724,-0.999940,-0.007695,-0.007841,-0.012654,-0.002684,0.496674,0.000000
-0.008620,-0.021070,0.999741,-0.008803,0.999741,0.020994,-0.999924,-0.008620,-0.008803,-0.014191,-0.003010,0.496270,0.000000
-0.009609,-0.023520,0.999677,-0.009837,0.999677,0.023425,-0.999905,-0.009609,-0.009837,-0.015838,-0.003360,0.495837,0.000000
-0.010662,-0.026138,0.999601,-0.010944,0.999601,0.026021,-0.999883,-0.010662,-0.010944,-0.017598,-0.003733,0.495374,0.000000
-0.011780,-0.028928,0.999512,-0.012125,0.999512,0.028785,-0.999857,-0.011780,-0.012125,-0.019472,-0.004131,0.494881,0.000000
-0.012965,-0.031892,0.999407,-0.013384,0.999407,0.031719,-0.999826,-0.012965,-0.013384,-0.021463,-0.004553,0.494358,0.000000
-0.014216,-0.035035,0.999285,-0.014721,0.999285,0.034825,-0.999791,-0.014216,-0.014721,-0.023573,-0.005001,0.493803,0.000000
-0.015533,-0.038357,0.999143,-0.016139,0.999143,0.038106,-0.999749,-0.015533,-0.016139,-0.025803,-0.005474,0.493217,0.000000
-0.016918,-0.041864,0.998980,-0.017639,0.998980,0.041565,-0.999701,-0.016918,-0.017639,-0.028155,-0.005972,0.492599,0.000000
-0.018370,-0.045555,0.998793,-0.019223,0.998793,0.045202,-0.999646,-0.018370,-0.019223,-0.030630,-0.006498,0.491948,0.000000
-0.019888,-0.049435,0.998579,-0.020893,0.998579,0.049019,-0.999584,-0.019888,-0.020893,-0.033230,-0.007049,0.491265,0.000000
-0.021473,-0.053505,0.998337,-0.022650,0.998337,0.053018,-0.999513,-0.021473,-0.022650,-0.035957,-0.007628,0.490548,0.000000
-0.023125,-0.057767,0.998062,-0.024495,0.998062,0.057199,-0.999432,-0.023125,-0.024495,-0.038811,-0.008233,0.489798,0.000000
-0.024842,-0.062222,0.997753,-0.026431,0.997753,0.061564,-0.999342,-0.024842,-0.026431,-0.041793,-0.008866,0.489014,0.000000
-0.026625,-0.066872,0.997406,-0.028459,0.997406,0.066112,-0.999240,-0.026625,-0.028459,-0.044905,-0.009526,0.488196,0.000000
-0.028472,-0.071718,0.997019,-0.030580,0.997019,0.070845,-0.999127,-0.028472,-0.030580,-0.048147,-0.010213,0.487344,0.000000
-0.030382,-0.076761,0.996587,-0.032795,0.996587,0.075761,-0.999000,-0.030382,-0.032795,-0.051519,-0.010929,0.486457,0.000000
-0.032354,-0.082003,0.996107,-0.035107,0.996107,0.080862,-0.998860,-0.032354,-0.035107,-0.055022,-0.011672,0.485536,0.000000
-0.034387,-0.087443,0.995576,-0.037516,0.995576,0.086147,-0.998704,-0.034387,-0.037516,-0.058658,-0.012443,0.484581,0.000000
-0.036480,-0.093082,0.994990,-0.040023,0.994990,0.091614,-0.998533,-0.036480,-0.040023,-0.062425,-0.013242,0.483591,0.000000
-0.038632,-0.098920,0.994345,-0.042630,0.994345,0.097264,-0.998344,-0.038632,-0.042630,-0.066324,-0.014069,0.482566,0.000000
-0.040839,-0.104957,0.993638,-0.045338,0.993638,0.103094,-0.998137,-0.040839,-0.045338,-0.070355,-0.014925,0.481506,0.000000
-0.043102,-0.111194,0.992864,-0.048148,0.992864,0.109104,-0.997910,-0.043102,-0.048148,-0.074518,-0.015808,0.480412,0.000000
-0.045418,-0.117629,0.992018,-0.051061,0.992018,0.115291,-0.997662,-0.045418,-0.051061,-0.078814,-0.016719,0.479282,0.000000
-0.047784,-0.124262,0.991098,-0.054078,0.991098,0.121655,-0.997393,-0.047784,-0.054078,-0.083241,-0.017658,0.478119,0.000000
-0.050199,-0.131093,0.990098,-0.057200,0.990098,0.128192,-0.997100,-0.050199,-0.057200,-0.087799,-0.018625,0.476920,0.000000
-0.052660,-0.138119,0.989015,-0.060428,0.989015,0.134901,-0.996782,-0.052660,-0.060428,-0.092489,-0.019620,0.475688,0.000000
-0.055166,-0.145339,0.987843,-0.063762,0.987843,0.141779,-0.996439,-0.055166,-0.063762,-0.097309,-0.020642,0.474421,0.000000
-0.057713,-0.152753,0.986578,-0.067204,0.986578,0.148822,-0.996069,-0.057713,-0.067204,-0.102258,-0.021692,0.473120,0.000000
-0.060299,-0.160358,0.985215,-0.070753,0.985215,0.156028,-0.995670,-0.060299,-0.070753,-0.107337,-0.022770,0.471785,0.000000
-0.062921,-0.168153,0.983751,-0.074410,0.983751,0.163394,-0.995241,-0.062921,-0.074410,-0.112543,-0.023874,0.470416,0.000000
-0.065576,-0.176134,0.982179,-0.078177,0.982179,0.170915,-0.994780,-0.065576,-0.078177,-0.117877,-0.025005,0.469014,0.000000
-0.068261,-0.184300,0.980497,-0.082052,0.980497,0.178588,-0.994288,-0.068261,-0.082052,-0.123337,-0.026164,0.467579,0.000000
-0.070974,-0.192648,0.978698,-0.086037,0.978698,0.186409,-0.993761,-0.070974,-0.086037,-0.128922,-0.027348,0.466111,0.000000
-0.073711,-0.201175,0.976778,-0.090131,0.976778,0.194374,-0.993198,-0.073711,-0.090131,-0.134631,-0.028559,0.464610,0.000000
-0.076468,-0.209878,0.974733,-0.094335,0.974733,0.202477,-0.992599,-0.076468,-0.094335,-0.140462,-0.029797,0.463077,0.000000
-0.079243,-0.218752,0.972557,-0.098648,0.972557,0.210715,-0.991962,-0.079243,-0.098648,-0.146415,-0.031059,0.461512,0.000000
-0.082032,-0.227796,0.970247,-0.103071,0.970247,0.219082,-0.991286,-0.082032,-0.103071,-0.152487,-0.032347,0.459916,0.000000
-0.084832,-0.237004,0.967798,-0.107602,0.967798,0.227572,-0.990568,-0.084832,-0.107602,-0.158677,-0.033661,0.458289,0.000000
-0.087638,-0.246373,0.965205,-0.112243,0.965205,0.236182,-0.989809,-0.087638,-0.112243,-0.164984,-0.034998,0.456631,0.000000
-0.090448,-0.255899,0.962463,-0.116991,0.962463,0.244904,-0.989006,-0.090448,-0.116991,-0.171406,-0.036361,0.454943,0.000000
-0.093258,-0.265576,0.959569,-0.121847,0.959569,0.253734,-0.988158,-0.093258,-0.121847,-0.177941,-0.037747,0.453225,0.000000
-0.096063,-0.275399,0.956518,-0.126810,0.956518,0.262664,-0.987264,-0.096063,-0.126810,-0.184587,-0.039157,0.451478,0.000000
-0.098861,-0.285365,0.953306,-0.131878,0.953306,0.271689,-0.986324,-0.098861,-0.131878,-0.191343,-0.040590,0.449702,0.000000
-0.101647,-0.295468,0.949930,-0.137052,0.949930,0.280803,-0.985335,-0.101647,-0.137052,-0.198205,-0.042046,0.447898,0.000000
-0.104417,-0.305701,0.946385,-0.142329,0.946385,0.289998,-0.984296,-0.104417,-0.142329,-0.205174,-0.043524,0.446066,0.000000
-0.107168,-0.316060,0.942667,-0.147709,0.942667,0.299268,-0.983208,-0.107168,-0.147709,-0.212245,-0.045024,0.444208,0.000000
-0.109896,-0.326539,0.938773,-0.153190,0.938773,0.308606,-0.982067,-0.109896,-0.153190,-0.219417,-0.046545,0.442322,0.000000
-0.112596,-0.337131,0.934700,-0.158770,0.934700,0.318005,-0.980874,-0.112596,-0.158770,-0.226688,-0.048088,0.440411,0.000000
-0.115265,-0.347830,0.930445,-0.164448,0.930445,0.327458,-0.979628,-0.115265,-0.164448,-0.234056,-0.049651,0.438474,0.000000
-0.117900,-0.358631,0.926004,-0.170222,0.926004,0.336958,-0.978327,-0.117900,-0.170222,-0.241518,-0.051234,0.436513,0.000000
-0.120495,-0.369525,0.921375,-0.176091,0.921375,0.346496,-0.976971,-0.120495,-0.176091,-0.249071,-0.052836,0.434527,0.000000
-0.123047,-0.380506,0.916556,-0.182051,0.916556,0.356066,-0.975560,-0.123047,-0.182051,-0.256714,-0.054457,0.432518,0.000000
-0.125553,-0.391568,0.911543,-0.188101,0.911543,0.365659,-0.974092,-0.125553,-0.188101,-0.264443,-0.056097,0.430486,0.000000
-0.128008,-0.402702,0.906336,-0.194238,0.906336,0.375269,-0.972566,-0.128008,-0.194238,-0.272256,-0.057754,0.428433,0.000000
-0.130409,-0.413903,0.900932,-0.200461,0.900932,0.384886,-0.970984,-0.130409,-0.200461,-0.280151,-0.059429,0.426357,0.000000
-0.132752,-0.425162,0.895329,-0.206765,0.895329,0.394504,-0.969343,-0.132752,-0.206765,-0.288125,-0.061121,0.424261,0.000000
-0.135033,-0.436471,0.889527,-0.213149,0.889527,0.404115,-0.967643,-0.135033,-0.213149,-0.296175,-0.062828,0.422145,0.000000
-0.137249,-0.447824,0.883525,-0.219610,0.883525,0.413709,-0.965885,-0.137249,-0.219610,-0.304298,-0.064551,0.420010,0.000000
-0.139397,-0.459212,0.877321,-0.226144,0.877321,0.423280,-0.964068,-0.139397,-0.226144,-0.312491,-0.066289,0.417856,0.000000
-0.141472,-0.470628,0.870916,-0.232748,0.870916,0.432820,-0.962192,-0.141472,-0.232748,-0.320752,-0.068042,0.415684,0.000000
-0.143472,-0.482063,0.864309,-0.239420,0.864309,0.442321,-0.960257,-0.143472,-0.239420,-0.329078,-0.069808,0.413496,0.000000
-0.145394,-0.493510,0.857501,-0.246156,0.857501,0.451774,-0.958263,-0.145394,-0.246156,-0.337466,-0.071587,0.411291,0.000000
-0.147233,-0.504961,0.850492,-0.252952,0.850492,0.461171,-0.956210,-0.147233,-0.252952,-0.345913,-0.073379,0.409071,0.000000
-0.148989,-0.516407,0.843283,-0.259804,0.843283,0.470506,-0.954099,-0.148989,-0.259804,-0.354416,-0.075183,0.406836,0.000000
-0.150656,-0.527841,0.835875,-0.266710,0.835875,0.479770,-0.951929,-0.150656,-0.266710,-0.362971,-0.076998,0.404587,0.000000
-0.152233,-0.539254,0.828269,-0.273665,0.828269,0.488955,-0.949701,-0.152233,-0.273665,-0.371576,-0.078823,0.402324,0.000000
-0.153717,-0.550639,0.820468,-0.280666,0.820468,0.498055,-0.947416,-0.153717,-0.280666,-0.380228,-0.080659,0.400050,0.000000
-0.155106,-0.561986,0.812474,-0.287708,0.812474,0.507061,-0.945075,-0.155106,-0.287708,-0.388924,-0.082503,0.397764,0.000000
-0.156398,-0.573289,0.804288,-0.294787,0.804288,0.515967,-0.942677,-0.156398,-0.294787,-0.397660,-0.084356,0.395468,0.000000
-0.157589,-0.584540,0.795914,-0.301900,0.795914,0.524764,-0.940225,-0.157589,-0.301900,-0.406434,-0.086218,0.393162,0.000000
-0.158679,-0.595729,0.787355,-0.309042,0.787355,0.533447,-0.937718,-0.158679,-0.309042,-0.415241,-0.088086,0.390846,0.000000
-0.159665,-0.606851,0.778614,-0.316208,0.778614,0.542008,-0.935157,-0.159665,-0.316208,-0.424080,-0.089961,0.388523,0.000000
-0.160545,-0.617896,0.769695,-0.323396,0.769695,0.550441,-0.932545,-0.160545,-0.323396,-0.432946,-0.091842,0.386192,0.000000
-0.161319,-0.628858,0.760601,-0.330600,0.760601,0.558739,-0.929882,-0.161319,-0.330600,-0.441837,-0.093728,0.383855,0.000000
-0.161985,-0.639728,0.751338,-0.337816,0.751338,0.566897,-0.927169,-0.161985,-0.337816,-0.450749,-0.095618,0.381513,0.000000
-0.162541,-0.650501,0.741909,-0.345039,0.741909,0.574908,-0.924407,-0.162541,-0.345039,-0.459679,-0.097513,0.379165,0.000000
-0.162988,-0.661167,0.732320,-0.352266,0.732320,0.582766,-0.921598,-0.162988,-0.352266,-0.468624,-0.099410,0.376814,0.000000
-0.163323,-0.671722,0.722576,-0.359492,0.722576,0.590466,-0.918744,-0.163323,-0.359492,-0.477580,-0.101310,0.374459,0.000000
-0.163547,-0.682157,0.712681,-0.366712,0.712681,0.598003,-0.915846,-0.163547,-0.366712,-0.486545,-0.103212,0.372103,0.000000
-0.163659,-0.692466,0.702643,-0.373923,0.702643,0.605372,-0.912906,-0.163659,-0.373923,-0.495514,-0.105114,0.369745,0.000000
-0.163659,-0.702643,0.692466,-0.381119,0.692466,0.612568,-0.909925,-0.163659,-0.381119,-0.504486,-0.107018,0.367387,0.000000
-0.163547,-0.712681,0.682157,-0.388296,0.682157,0.619587,-0.906906,-0.163547,-0.388296,-0.513455,-0.108920,0.365029,0.000000
-0.163323,-0.722576,0.671722,-0.395451,0.671722,0.626425,-0.903849,-0.163323,-0.395451,-0.522420,-0.110822,0.362673,0.000000
-0.162988,-0.732320,0.661167,-0.402579,0.661167,0.633078,-0.900758,-0.162988,-0.402579,-0.531376,-0.112722,0.360318,0.000000
-0.162541,-0.741909,0.650501,-0.409675,0.650501,0.639543,-0.897634,-0.162541,-0.409675,-0.540321,-0.114619,0.357967,0.000000
-0.161985,-0.751338,0.639728,-0.416735,0.639728,0.645817,-0.894479,-0.161985,-0.416735,-0.549251,-0.116514,0.355619,0.000000
-0.161319,-0.760601,0.628858,-0.423756,0.628858,0.651896,-0.891295,-0.161319,-0.423756,-0.558163,-0.118404,0.353277,0.000000
-0.160545,-0.769695,0.617896,-0.430734,0.617896,0.657779,-0.888084,-0.160545,-0.430734,-0.567054,-0.120290,0.350940,0.000000
-0.159665,-0.778614,0.606851,-0.437663,0.606851,0.663463,-0.884849,-0.159665,-0.437663,-0.575920,-0.122171,0.348609,0.000000
-0.158679,-0.787355,0.595729,-0.444541,0.595729,0.668947,-0.881592,-0.158679,-0.444541,-0.584759,-0.124046,0.346286,0.000000
-0.157589,-0.795914,0.584540,-0.451364,0.584540,0.674228,-0.878314,-0.157589,-0.451364,-0.593566,-0.125914,0.343970,0.000000
-0.156398,-0.804288,0.573289,-0.458128,0.573289,0.679307,-0.875019,-0.156398,-0.458128,-0.602340,-0.127776,0.341664,0.000000
-0.155106,-0.812474,0.561986,-0.464829,0.561986,0.684182,-0.871709,-0.155106,-0.464829,-0.611076,-0.129629,0.339368,0.000000
-0.153717,-0.820468,0.550639,-0.471464,0.550639,0.688853,-0.868385,-0.153717,-0.471464,-0.619772,-0.131473,0.337082,0.000000
-0.152233,-0.828269,0.539254,-0.478030,0.539254,0.693320,-0.865051,-0.152233,-0.478030,-0.628424,-0.133309,0.334808,0.000000
-0.150656,-0.835875,0.527841,-0.484523,0.527841,0.697583,-0.861708,-0.150656,-0.484523,-0.637029,-0.135134,0.332545,0.000000
-0.148989,-0.843283,0.516407,-0.490940,0.516407,0.701642,-0.858359,-0.148989,-0.490940,-0.645584,-0.136949,0.330297,0.000000
-0.147233,-0.850492,0.504961,-0.497279,0.504961,0.705498,-0.855006,-0.147233,-0.497279,-0.654087,-0.138753,0.328061,0.000000
-0.145394,-0.857501,0.493510,-0.503536,0.493510,0.709154,-0.851653,-0.145394,-0.503536,-0.662534,-0.140545,0.325841,0.000000
-0.143472,-0.864309,0.482063,-0.509709,0.482063,0.712609,-0.848300,-0.143472,-0.509709,-0.670922,-0.142324,0.323636,0.000000
-0.141472,-0.870916,0.470628,-0.515795,0.470628,0.715867,-0.844951,-0.141472,-0.515795,-0.679248,-0.144090,0.321448,0.000000
-0.139397,-0.877321,0.459212,-0.521791,0.459212,0.718928,-0.841607,-0.139397,-0.521791,-0.687509,-0.145843,0.319276,0.000000
-0.137249,-0.883525,0.447824,-0.527697,0.447824,0.721796,-0.838271,-0.137249,-0.527697,-0.695702,-0.147581,0.317122,0.000000
-0.135033,-0.889527,0.436471,-0.533508,0.436471,0.724474,-0.834946,-0.135033,-0.533508,-0.703825,-0.149304,0.314987,0.000000
-0.132752,-0.895329,0.425162,-0.539224,0.425162,0.726963,-0.831634,-0.132752,-0.539224,-0.711875,-0.151012,0.312871,0.000000
-0.130409,-0.900932,0.413903,-0.544842,0.413903,0.729268,-0.828336,-0.130409,-0.544842,-0.719849,-0.152703,0.310775,0.000000
-0.128008,-0.906336,0.402702,-0.550361,0.402702,0.731392,-0.825056,-0.128008,-0.550361,-0.727744,-0.154378,0.308700,0.000000
-0.125553,-0.911543,0.391568,-0.555779,0.391568,0.733338,-0.821794,-0.125553,-0.555779,-0.735557,-0.156035,0.306646,0.000000
-0.123047,-0.916556,0.380506,-0.561095,0.380506,0.735110,-0.818554,-0.123047,-0.561095,-0.743286,-0.157675,0.304614,0.000000
-0.120495,-0.921375,0.369525,-0.566308,0.369525,0.736713,-0.815338,-0.120495,-0.566308,-0.750929,-0.159296,0.302605,0.000000
-0.117900,-0.926004,0.358631,-0.571416,0.358631,0.738151,-0.812147,-0.117900,-0.571416,-0.758482,-0.160898,0.300619,0.000000
-0.115265,-0.930445,0.347830,-0.576419,0.347830,0.739429,-0.808984,-0.115265,-0.576419,-0.765944,-0.162481,0.298658,0.000000
-0.112596,-0.934700,0.337131,-0.581315,0.337131,0.740551,-0.805850,-0.112596,-0.581315,-0.773312,-0.164044,0.296721,0.000000
-0.109896,-0.938773,0.326539,-0.586105,0.326539,0.741521,-0.802748,-0.109896,-0.586105,-0.780583,-0.165587,0.294810,0.000000
-0.107168,-0.942667,0.316060,-0.590787,0.316060,0.742346,-0.799679,-0.107168,-0.590787,-0.787755,-0.167108,0.292924,0.000000
-0.104417,-0.946385,0.305701,-0.595361,0.305701,0.743029,-0.796645,-0.104417,-0.595361,-0.794826,-0.168608,0.291066,0.000000
-0.101647,-0.949930,0.295468,-0.599827,0.295468,0.743577,-0.793647,-0.101647,-0.599827,-0.801795,-0.170086,0.289234,0.000000
-0.098861,-0.953306,0.285365,-0.604184,0.285365,0.743995,-0.790688,-0.098861,-0.604184,-0.808657,-0.171542,0.287430,0.000000
-0.096063,-0.956518,0.275399,-0.608433,0.275399,0.744288,-0.787769,-0.096063,-0.608433,-0.815413,-0.172975,0.285654,0.000000
-0.093258,-0.959569,0.265576,-0.612574,0.265576,0.744461,-0.784892,-0.093258,-0.612574,-0.822059,-0.174385,0.283907,0.000000
-0.090448,-0.962463,0.255899,-0.616608,0.255899,0.744521,-0.782058,-0.090448,-0.616608,-0.828594,-0.175771,0.282189,0.000000
-0.087638,-0.965205,0.246373,-0.620533,0.246373,0.744472,-0.779268,-0.087638,-0.620533,-0.835016,-0.177134,0.280501,0.000000
-0.084832,-0.967798,0.237004,-0.624351,0.237004,0.744322,-0.776524,-0.084832,-0.624351,-0.841323,-0.178472,0.278843,0.000000
-0.082032,-0.970247,0.227796,-0.628063,0.227796,0.744074,-0.773827,-0.082032,-0.628063,-0.847513,-0.179785,0.277216,0.000000
-0.079243,-0.972557,0.218752,-0.631669,0.218752,0.743735,-0.771178,-0.079243,-0.631669,-0.853585,-0.181073,0.275620,0.000000
-0.076468,-0.974733,0.209878,-0.635169,0.209878,0.743311,-0.768579,-0.076468,-0.635169,-0.859538,-0.182336,0.274055,0.000000
-0.073711,-0.976778,0.201175,-0.638565,0.201175,0.742808,-0.766030,-0.073711,-0.638565,-0.865369,-0.183573,0.272522,0.000000
-0.070974,-0.978698,0.192648,-0.641858,0.192648,0.742230,-0.763532,-0.070974,-0.641858,-0.871078,-0.184784,0.271021,0.000000
-0.068261,-0.980497,0.184300,-0.645048,0.184300,0.741584,-0.761087,-0.068261,-0.645048,-0.876663,-0.185968,0.269553,0.000000
-0.065576,-0.982179,0.176134,-0.648137,0.176134,0.740875,-0.758695,-0.065576,-0.648137,-0.882123,-0.187127,0.268118,0.000000
-0.062921,-0.983751,0.168153,-0.651125,0.168153,0.740108,-0.756358,-0.062921,-0.651125,-0.887457,-0.188258,0.266716,0.000000
-0.060299,-0.985215,0.160358,-0.654015,0.160358,0.739290,-0.754075,-0.060299,-0.654015,-0.892663,-0.189363,0.265347,0.000000
-0.057713,-0.986578,0.152753,-0.656807,0.152753,0.738425,-0.751847,-0.057713,-0.656807,-0.897742,-0.190440,0.264012,0.000000
-0.055166,-0.987843,0.145339,-0.659502,0.145339,0.737518,-0.749676,-0.055166,-0.659502,-0.902691,-0.191490,0.262711,0.000000
-0.052660,-0.989015,0.138119,-0.662103,0.138119,0.736576,-0.747561,-0.052660,-0.662103,-0.907511,-0.192512,0.261444,0.000000
-0.050199,-0.990098,0.131093,-0.664609,0.131093,0.735601,-0.745503,-0.050199,-0.664609,-0.912201,-0.193507,0.260212,0.000000
-0.047784,-0.991098,0.124262,-0.667024,0.124262,0.734601,-0.743502,-0.047784,-0.667024,-0.916759,-0.194474,0.259013,0.000000
-0.045418,-0.992018,0.117629,-0.669348,0.117629,0.733578,-0.741560,-0.045418,-0.669348,-0.921186,-0.195413,0.257850,0.000000
-0.043102,-0.992864,0.111194,-0.671583,0.111194,0.732538,-0.739675,-0.043102,-0.671583,-0.925482,-0.196324,0.256721,0.000000
-0.040839,-0.993638,0.104957,-0.673730,0.104957,0.731486,-0.737848,-0.040839,-0.673730,-0.929645,-0.197207,0.255626,0.000000
-0.038632,-0.994345,0.098920,-0.675792,0.098920,0.730425,-0.736080,-0.038632,-0.675792,-0.933676,-0.198063,0.254566,0.000000
-0.036480,-0.994990,0.093082,-0.677769,0.093082,0.729360,-0.734370,-0.036480,-0.677769,-0.937575,-0.198890,0.253541,0.000000
-0.034387,-0.995576,0.087443,-0.679663,0.087443,0.728294,-0.732718,-0.034387,-0.679663,-0.941342,-0.199689,0.252551,0.000000
-0.032354,-0.996107,0.082003,-0.681476,0.082003,0.727232,-0.731125,-0.032354,-0.681476,-0.944978,-0.200460,0.251596,0.000000
-0.030382,-0.996587,0.076761,-0.683210,0.076761,0.726176,-0.729590,-0.030382,-0.683210,-0.948481,-0.201203,0.250675,0.000000
-0.028472,-0.997019,0.071718,-0.684866,0.071718,0.725131,-0.728112,-0.028472,-0.684866,-0.951853,-0.201919,0.249788,0.000000
-0.026625,-0.997406,0.066872,-0.686446,0.066872,0.724099,-0.726693,-0.026625,-0.686446,-0.955095,-0.202606,0.248936,0.000000
-0.024842,-0.997753,0.062222,-0.687952,0.062222,0.723084,-0.725331,-0.024842,-0.687952,-0.958207,-0.203266,0.248118,0.000000
-0.023125,-0.998062,0.057767,-0.689385,0.057767,0.722088,-0.724026,-0.023125,-0.689385,-0.961189,-0.203899,0.247334,0.000000
-0.021473,-0.998337,0.053505,-0.690747,0.053505,0.721115,-0.722778,-0.021473,-0.690747,-0.964043,-0.204504,0.246584,0.000000
-0.019888,-0.998579,0.049435,-0.692039,0.049435,0.720165,-0.721586,-0.019888,-0.692039,-0.966770,-0.205083,0.245867,0.000000
-0.018370,-0.998793,0.045555,-0.693264,0.045555,0.719243,-0.720450,-0.018370,-0.693264,-0.969370,-0.205634,0.245184,0.000000
-0.016918,-0.998980,0.041864,-0.694423,0.041864,0.718348,-0.719368,-0.016918,-0.694423,-0.971845,-0.206160,0.244533,0.000000
-0.015533,-0.999143,0.038357,-0.695517,0.038357,0.717485,-0.718341,-0.015533,-0.695517,-0.974197,-0.206658,0.243915,0.000000
-0.014216,-0.999285,0.035035,-0.696549,0.035035,0.716653,-0.717368,-0.014216,-0.696549,-0.976427,-0.207131,0.243329,0.000000
-0.012965,-0.999407,0.031892,-0.697520,0.031892,0.715855,-0.716448,-0.012965,-0.697520,-0.978537,-0.207579,0.242774,0.000000
-0.011780,-0.999512,0.028928,-0.698432,0.028928,0.715092,-0.715580,-0.011780,-0.698432,-0.980528,-0.208001,0.242251,0.000000
-0.010662,-0.999601,0.026138,-0.699286,0.026138,0.714364,-0.714762,-0.010662,-0.699286,-0.982402,-0.208399,0.241758,0.000000
-0.009609,-0.999677,0.023520,-0.700084,0.023520,0.713673,-0.713996,-0.009609,-0.700084,-0.984162,-0.208772,0.241295,0.000000
-0.008620,-0.999741,0.021070,-0.700828,0.021070,0.713019,-0.713278,-0.008620,-0.700828,-0.985809,-0.209122,0.240862,0.000000
-0.007695,-0.999794,0.018784,-0.701520,0.018784,0.712403,-0.712609,-0.007695,-0.701520,-0.987346,-0.209448,0.240458,0.000000
-0.006833,-0.999838,0.016659,-0.702160,0.016659,0.711824,-0.711986,-0.006833,-0.702160,-0.988776,-0.209751,0.240083,0.000000
-0.006033,-0.999874,0.014691,-0.702752,0.014691,0.711283,-0.711410,-0.006033,-0.702752,-0.990101,-0.210032,0.239734,0.000000
-0.005293,-0.999903,0.012874,-0.703296,0.012874,0.710781,-0.710878,-0.005293,-0.703296,-0.991323,-0.210291,0.239413,0.000000
-0.004611,-0.999927,0.011206,-0.703794,0.011206,0.710315,-0.710389,-0.004611,-0.703794,-0.992447,-0.210530,0.239118,0.000000
-0.003987,-0.999945,0.009680,-0.704249,0.009680,0.709887,-0.709942,-0.003987,-0.704249,-0.993474,-0.210748,0.238847,0.000000
-0.003419,-0.999960,0.008293,-0.704661,0.008293,0.709496,-0.709536,-0.003419,-0.704661,-0.994409,-0.210946,0.238602,0.000000
-0.002904,-0.999971,0.007039,-0.705033,0.007039,0.709139,-0.709168,-0.002904,-0.705033,-0.995254,-0.211125,0.238380,0.000000
-0.002441,-0.999980,0.005913,-0.705367,0.005913,0.708818,-0.708839,-0.002441,-0.705367,-0.996013,-0.211286,0.238180,0.000000
-0.002027,-0.999986,0.004909,-0.705663,0.004909,0.708530,-0.708544,-0.002027,-0.705663,-0.996690,-0.211430,0.238002,0.000000
-0.001662,-0.999991,0.004021,-0.705925,0.004021,0.708275,-0.708284,-0.001662,-0.705925,-0.997288,-0.211557,0.237845,0.000000
-0.001341,-0.999994,0.003243,-0.706154,0.003243,0.708051,-0.708057,-0.001341,-0.706154,-0.997812,-0.211668,0.237707,0.000000
-0.001063,-0.999996,0.002570,-0.706352,0.002570,0.707856,-0.707860,-0.001063,-0.706352,-0.998266,-0.211764,0.237588,0.000000
-0.000825,-0.999998,0.001994,-0.706522,0.001994,0.707689,-0.707691,-0.000825,-0.706522,-0.998655,-0.211847,0.237486,0.000000
-0.000625,-0.999999,0.001509,-0.706664,0.001509,0.707548,-0.707549,-0.000625,-0.706664,-0.998982,-0.211916,0.237400,0.000000
-0.000459,-0.999999,0.001109,-0.706782,0.001109,0.707431,-0.707431,-0.000459,-0.706782,-0.999252,-0.211973,0.237329,0.000000
-0.000325,-1.000000,0.000784,-0.706877,0.000784,0.707336,-0.707337,-0.000325,-0.706877,-0.999471,-0.212020,0.237271,0.000000
-0.000219,-1.000000,0.000529,-0.706952,0.000529,0.707262,-0.707262,-0.000219,-0.706952,-0.999643,-0.212056,0.237226,0.000000
-0.000139,-1.000000,0.000336,-0.707008,0.000336,0.707205,-0.707205,-0.000139,-0.707008,-0.999773,-0.212084,0.237192,0.000000
-0.000081,-1.000000,0.000196,-0.707049,0.000196,0.707164,-0.707164,-0.000081,-0.707049,-0.999868,-0.212104,0.237167,0.000000
-0.000042,-1.000000,0.000101,-0.707077,0.000101,0.707136,-0.707136,-0.000042,-0.707077,-0.999932,-0.212118,0.237150,0.000000
-0.000018,-1.000000,0.000043,-0.707094,0.000043,0.707119,-0.707119,-0.000018,-0.707094,-0.999971,-0.212126,0.237140,0.000000
-0.000005,-1.000000,0.000013,-0.707103,0.000013,0.707111,-0.707111,-0.000005,-0.707103,-0.999991,-0.212130,0.237134,0.000000
-0.000001,-1.000000,0.000002,-0.707106,0.000002,0.707107,-0.707107,-0.000001,-0.707106,-0.999999,-0.212132,0.237132,0.000000
0.000000,-1.000000,0.000000,-0.707107,0.000000,0.707107,-0.707107,0.000000,-0.707107,-1.000000,-0.212132,0.237132,0.000000
0.000000,-1.000000,0.000000,-0.707107,0.000000,0.707107,-0.707107,0.000000,-0.707107,-1.000000,-0.212132,0.237132,0.000000
0.000000,-1.000000,0.000000,-0.707107,0.000000,0.707107,-0.707107,0.000000,-0.707107,-1.000000,-0.212123,0.237123,0.000000
0.000000,-1.000000,0.000000,-0.707107,0.000000,0.707107,-0.707107,0.000000,-0.707107,-1.000000,-0.212059,0.237059,0.000000
0.000000,-1.000000,0.000000,-0.707107,0.000000,0.707107,-0.707107,0.000000,-0.707107,-1.000000,-0.211892,0.236892,0.000000
0.000000,-1.000000,0.000000,-0.707107,0.000000,0.707107,-0.707107,0.000000,-0.707107,-1.000000,-0.211577,0.236577,0.000000
0.000000,-1.000000,0.000000,-0.707107,0.000000,0.707107,-0.707107,0.000000,-0.707107,-1.000000,-0.211077,0.236077,0.000000
0.000000,-1.000000,0.000000,-0.707107,0.000000,0.707107,-0.707107,0.000000,-0.707107,-1.000000,-0.210355,0.235355,0.000000
0.000000,-1.000000,0.000000,-0.707107,0.000000,0.707107,-0.707107,0.000000,-0.707107,-1.000000,-0.209385,0.234385,0.000000
0.000000,-1.000000,0.000000,-0.707107,0.000000,0.707107,-0.707107,0.000000,-0.707107,-1.000000,-0.208140,0.233140,0.000000
0.000000,-1.000000,0.000000,-0.707107,0.000000,0.707107,-0.707107,0.000000,-0.707107,-1.000000,-0.206600,0.231600,0.000000
0.000000,-1.000000,0.000000,-0.707107,0.000000,0.707107,-0.707107,0.000000,-0.707107,-1.000000,-0.204750,0.229750,0.000000
0.000000,-1.000000,0.000000,-0.707107,0.000000,0.707107,-0.707107,0.000000,-0.707107,-1.000000,-0.202577,0.227577,0.000000
0.000000,-1.000000,0.000000,-0.707107,0.000000,0.707107,-0.707107,0.000000,-0.707107,-1.000000,-0.200073,0.225073,0.000000
0.000000,-1.000000,0.000000,-0.707107,0.000000,0.707107,-0.707107,0.000000,-0.707107,-1.000000,-0.197233,0.222233,0.000000
0.000000,-1.000000,0.000000,-0.707107,0.000000,0.707107,-0.707107,0.000000,-0.707107,-1.000000,-0.194056,0.219056,0.000000
0.000000,-1.000000,0.000000,-0.707107,0.000000,0.707107,-0.707107,0.000000,-0.707107,-1.000000,-0.190544,0.215544,0.000000
0.000000,-1.000000,0.000000,-0.707107,0.000000,0.707107,-0.707107,0.000000,-0.707107,-1.000000,-0.186701,0.211701,0.000000
0.000000,-1.000000,0.000000,-0.707107,0.000000,0.707107,-0.707107,0.000000,-0.707107,-1.000000,-0.182535,0.207535,0.000000
0.000000,-1.000000,0.000000,-0.707107,0.000000,0.707107,-0.707107,0.000000,-0.707107,-1.000000,-0.178058,0.203058,0.000000
0.000000,-1.000000,0.000000,-0.707107,0.000000,0.707107,-0.707107,0.000000,-0.707107,-1.000000,-0.173282,0.198282,0.000000
0.000000,-1.000000,0.000000,-0.707107,0.000000,0.707107,-0.707107,0.000000,-0.707107,-1.000000,-0.168223,0.193223,0.000000
0.000000,-1.000000,0.000000,-0.707107,0.000000,0.707107,-0.707107,0.000000,-0.707107,-1.000000,-0.162897,0.187897,0.000000
0.000000,-1.000000,0.000000,-0.707107,0.000000,0.707107,-0.707107,0.000000,-0.707107,-1.000000,-0.157325,0.182325,0.000000
0.000000,-1.000000,0.000000,-0.707107,0.000000,0.707107,-0.707107,0.000000,-0.707107,-1.000000,-0.151528,0.176528,0.000000
0.000000,-1.000000,0.000000,-0.707107,0.000000,0.707107,-0.707107,0.000000,-0.707107,-1.000000,-0.145528,0.170528,0.000000
0.000000,-1.000000,0.000000,-0.707107,0.000000,0.707107,-0.707107,0.000000,-0.707107,-1.000000,-0.139350,0.164350,0.000000
0.000000,-1.000000,0.000000,-0.707107,0.000000,0.707107,-0.707107,0.000000,-0.707107,-1.000000,-0.133019,0.158019,0.000000
0.000000,-1.000000,0.000000,-0.707107,0.000000,0.707107,-0.707107,0.000000,-0.707107,-1.000000,-0.126562,0.151562,0.000000
0.000000,-1.000000,0.000000,-0.707107,0.000000,0.707107,-0.707107,0.000000,-0.707107,-1.000000,-0.120005,0.145005,0.000000
0.000000,-1.000000,0.000000,-0.707107,0.000000,0.707107,-0.707107,0.000000,-0.707107,-1.000000,-0.113377,0.138377,0.000000
0.000000,-1.000000,0.000000,-0.707107,0.000000,0.707107,-0.707107,0.000000,-0.707107,-1.000000,-0.106706,0.131706,0.000000
0.000000,-1.000000,0.000000,-0.707107,0.000000,0.707107,-0.707107,0.000000,-0.707107,-1.000000,-0.100021,0.125021,0.000000
0.000000,-1.000000,0.000000,-0.707107,0.000000,0.707107,-0.707107,0.000000,-0.707107,-1.000000,-0.093349,0.118349,0.000000
0.000000,-1.000000,0.000000,-0.707107,0.000000,0.707107,-0.707107,0.000000,-0.707107,-1.000000,-0.086721,0.111721,0.000000
0.000000,-1.000000,0.000000,-0.707107,0.000000,0.707107,-0.707107,0.000000,-0.707107,-1.000000,-0.080165,0.105165,0.000000
0.000000,-1.000000,0.000000,-0.707107,0.000000,0.707107,-0.707107,0.000000,-0.707107,-1.000000,-0.073707,0.098707,0.000000
0.000000,-1.000000,0.000000,-0.707107,0.000000,0.707107,-0.707107,0.000000,-0.707107,-1.000000,-0.067376,0.092376,0.000000
0.000000,-1.000000,0.000000,-0.707107,0.000000,0.707107,-0.707107,0.000000,-0.707107,-1.000000,-0.061198,0.086198,0.000000
0.000000,-1.000000,0.000000,-0.707107,0.000000,0.707107,-0.707107,0.000000,-0.707107,-1.000000,-0.055199,0.080199,0.000000
0.000000,-1.000000,0.000000,-0.707107,0.000000,0.707107,-0.707107,0.000000,-0.707107,-1.000000,-0.049401,0.074401,0.000000
0.000000,-1.000000,0.000000,-0.707107,0.000000,0.707107,-0.707107,0.000000,-0.707107,-1.000000,-0.043829,0.068829,0.000000
0.000000,-1.000000,0.000000,-0.707107,0.000000,0.707107,-0.707107,0.000000,-0.707107,-1.000000,-0.038504,0.063504,0.000000
0.000000,-1.000000,0.000000,-0.707107,0.000000,0.707107,-0.707107,0.000000,-0.707107,-1.000000,-0.033444,0.058444,0.000000
0.000000,-1.000000,0.000000,-0.707107,0.000000,0.707107,-0.707107,0.000000,-0.707107,-1.000000,-0.028668,0.053668,0.000000
0.000000,-1.000000,0.000000,-0.707107,0.000000,0.707107,-0.707107,0.000000,-0.707107,-1.000000,-0.024191,0.049191,0.000000
0.000000,-1.000000,0.000000,-0.707107,0.000000,0.707107,-0.707107,0.000000,-0.707107,-1.000000,-0.020026,0.045026,0.000000
0.000000,-1.000000,0.000000,-0.707107,0.000000,0.707107,-0.707107,0.000000,-0.707107,-1.000000,-0.016183,0.041183,0.000000
0.000000,-1.000000,0.000000,-0.707107,0.000000,0.707107,-0.707107,0.000000,-0.707107,-1.000000,-0.012670,0.037670,0.000000
0.000000,-1.000000,0.000000,-0.707107,0.000000,0.707107,-0.707107,0.000000,-0.707107,-1.000000,-0.009493,0.034493,0.000000
0.000000,-1.000000,0.000000,-0.707107,0.000000,0.707107,-0.707107,0.000000,-0.707107,-1.000000,-0.006653,0.031653,0.000000
0.000000,-1.000000,0.000000,-0.707107,0.000000,0.707107,-0.707107,0.000000,-0.707107,-1.000000,-0.004149,0.029149,0.000000
0.000000,-1.000000,0.000000,-0.707107,0.000000,0.707107,-0.707107,0.000000,-0.707107,-1.000000,-0.001976,0.026976,0.000000
0.000000,-1.000000,0.000000,-0.707107,0.000000,0.707107,-0.707107,0.000000,-0.707107,-1.000000,-0.000126,0.025126,0.000000
0.000000,-1.000000,0.000000,-0.707107,0.000000,0.707107,-0.707107,0.000000,-0.707107,-1.000000,0.001413,0.023587,0.000000
0.000000,-1.000000,0.000000,-0.707107,0.000000,0.707107,-0.707107,0.000000,-0.707107,-1.000000,0.002658,0.022342,0.000000
0.000000,-1.000000,0.000000,-0.707107,0.000000,0.707107,-0.707107,0.000000,-0.707107,-1.000000,0.003629,0.021371,0.000000
0.000000,-1.000000,0.000000,-0.707107,0.000000,0.707107,-0.707107,0.000000,-0.707107,-1.000000,0.004350,0.020650,0.000000
0.000000,-1.000000,0.000000,-0.707107,0.000000,0.707107,-0.707107,0.000000,-0.707107,-1.000000,0.004851,0.020149,0.000000
0.000000,-1.000000,0.000000,-0.707107,0.000000,0.707107,-0.707107,0.000000,-0.707107,-1.000000,0.005166,0.019834,0.000000
0.000000,-1.000000,0.000000,-0.707107,0.000000,0.707107,-0.707107,0.000000,-0.707107,-1.000000,0.005333,0.019667,0.000000
0.000000,-1.000000,0.000000,-0.707107,0.000000,0.707107,-0.707107,0.000000,-0.707107,-1.000000,0.005396,0.019604,0.000000
0.000000,-1.000000,0.000000,-0.707107,0.000000,0.707107,-0.707107,0.000000,-0.707107,-1.000000,0.005406,0.019594,1.000000
0.000000,-1.000000,0.000000,-0.707107,0.000000,0.707107,-0.707107,0.000000,-0.707107,-1.000000,0.005406,0.019594,1.000000
0.000000,-1.000000,0.000000,-0.707107,0.000000,0.707107,-0.707107,0.000000,-0.707107,-1.000000,0.005406,0.019594,1.000000
0.000000,-1.000000,0.000000,-0.707107,0.000000,0.707107,-0.707107,0.000000,-0.707107,-1.000000,0.005406,0.019594,1.000000
0.000000,-1.000000,0.000000,-0.707107,0.000000,0.707107,-0.707107,0.000000,-0.707107,-1.000000,0.005406,0.019594,1.000000
0.000000,-1.000000,0.000000,-0.707107,0.000000,0.707107,-0.707107,0.000000,-0.707107,-1.000000,0.005406,0.019594,1.000000
0.000000,-1.000000,0.000000,-0.707107,0.000000,0.707107,-0.707107,0.000000,-0.707107,-1.000000,0.005406,0.019594,1.000000
0.000000,-1.000000,0.000000,-0.707107,0.000000,0.707107,-0.707107,0.000000,-0.707107,-1.000000,0.005406,0.019594,1.000000
0.000000,-1.000000,0.000000,-0.707107,0.000000,0.707107,-0.707107,0.000000,-0.707107,-1.000000,0.005406,0.019594,1.000000
0.000000,-1.000000,0.000000,-0.707107,0.000000,0.707107,-0.707107,0.000000,-0.707107,-1.000000,0.005406,0.019594,1.000000
0.000000,-1.000000,0.000000,-0.707107,0.000000,0.707107,-0.707107,0.000000,-0.707107,-1.000000,0.005406,0.019594,1.000000
0.000000,-1.000000,0.000000,-0.707107,0.000000,0.707107,-0.707107,0.000000,-0.707107,-1.000000,0.005406,0.019594,1.000000
0.000000,-1.000000,0.000000,-0.707107,0.000000,0.707107,-0.707107,0.000000,-0.707107,-1.000000,0.005406,0.019594,1.000000
0.000000,-1.000000,0.000000,-0.707107,0.000000,0.707107,-0.707107,0.000000,-0.707107,-1.000000,0.005406,0.019594,1.000000
0.000000,-1.000000,0.000000,-0.707107,0.000000,0.707107,-0.707107,0.000000,-0.707107,-1.000000,0.005406,0.019594,1.000000
0.000000,-1.000000,0.000000,-0.707107,0.000000,0.707107,-0.707107,0.000000,-0.707107,-1.000000,0.005406,0.019594,1.000000
0.000000,-1.000000,0.000000,-0.707107,0.000000,0.707107,-0.707107,0.000000,-0.707107,-1.000000,0.005406,0.019594,1.000000
0.000000,-1.000000,0.000000,-0.707107,0.000000,0.707107,-0.707107,0.000000,-0.707107,-1.000000,0.005406,0.019594,1.000000
0.000000,-1.000000,0.000000,-0.707107,0.000000,0.707107,-0.707107,0.000000,-0.707107,-1.000000,0.005406,0.019594,1.000000
0.000000,-1.000000,0.000000,-0.707107,0.000000,0.707107,-0.707107,0.000000,-0.707107,-1.000000,0.005406,0.019594,1.000000
0.000000,-1.000000,0.000000,-0.707107,0.000000,0.707107,-0.707107,0.000000,-0.707107,-1.000000,0.005406,0.019594,1.000000
0.000000,-1.000000,0.000000,-0.707107,0.000000,0.707107,-0.707107,0.000000,-0.707107,-1.000000,0.005406,0.019594,1.000000
0.000000,-1.000000,0.000000,-0.707107,0.000000,0.707107,-0.707107,0.000000,-0.707107,-1.000000,0.005406,0.019594,1.000000
0.000000,-1.000000,0.000000,-0.707107,0.000000,0.707107,-0.707107,0.000000,-0.707107,-1.000000,0.005406,0.019594,1.000000
0.000000,-1.000000,0.000000,-0.707107,0.000000,0.707107,-0.707107,0.000000,-0.707107,-1.000000,0.005406,0.019594,1.000000
0.000000,-1.000000,0.000000,-0.707107,0.000000,0.707107,-0.707107,0.000000,-0.707107,-1.000000,0.005406,0.019594,1.000000
0.000000,-1.000000,0.000000,-0.707107,0.000000,0.707107,-0.707107,0.000000,-0.707107,-1.000000,0.005406,0.019594,1.000000
0.000000,-1.000000,0.000000,-0.707107,0.000000,0.707107,-0.707107,0.000000,-0.707107,-1.000000,0.005406,0.019594,1.000000
0.000000,-1.000000,0.000000,-0.707107,0.000000,0.707107,-0.707107,0.000000,-0.707107,-1.000000,0.005406,0.019594,1.000000
0.000000,-1.000000,0.000000,-0.707107,0.000000,0.707107,-0.707107,0.000000,-0.707107,-1.000000,0.005406,0.019594,1.000000
0.000000,-1.000000,0.000000,-0.707107,0.000000,0.707107,-0.707107,0.000000,-0.707107,-1.000000,0.005406,0.019594,1.000000
0.000000,-1.000000,0.000000,-0.707107,0.000000,0.707107,-0.707107,0.000000,-0.707107,-1.000000,0.005406,0.019594,1.000000
0.000000,-1.000000,0.000000,-0.707107,0.000000,0.707107,-0.707107,0.000000,-0.707107,-1.000000,0.005406,0.019594,1.000000
0.000000,-1.000000,0.000000,-0.707107,0.000000,0.707107,-0.707107,0.000000,-0.707107,-1.000000,0.005406,0.019594,1.000000
0.000000,-1.000000,0.000000,-0.707107,0.000000,0.707107,-0.707107,0.000000,-0.707107,-1.000000,0.005406,0.019594,1.000000
0.000000,-1.000000,0.000000,-0.707107,0.000000,0.707107,-0.707107,0.000000,-0.707107,-1.000000,0.005406,0.019594,1.000000
0.000000,-1.000000,0.000000,-0.707107,0.000000,0.707107,-0.707107,0.000000,-0.707107,-1.000000,0.005406,0.019594,1.000000
0.000000,-1.000000,0.000000,-0.707107,0.000000,0.707107,-0.707107,0.000000,-0.707107,-1.000000,0.005406,0.019594,1.000000
0.000000,-1.000000,0.000000,-0.707107,0.000000,0.707107,-0.707107,0.000000,-0.707107,-1.000000,0.005406,0.019594,1.000000
0.000000,-1.000000,0.000000,-0.707107,0.000000,0.707107,-0.707107,0.000000,-0.707107,-1.000000,0.005406,0.019594,1.000000
0.000000,-1.000000,0.000000,-0.707107,0.000000,0.707107,-0.707107,0.000000,-0.707107,-1.000000,0.005406,0.019594,1.000000
0.000000,-1.000000,0.000000,-0.707107,0.000000,0.707107,-0.707107,0.000000,-0.707107,-1.000000,0.005406,0.019594,1.000000
0.000000,-1.000000,0.000000,-0.707107,0.000000,0.707107,-0.707107,0.000000,-0.707107,-1.000000,0.005406,0.019594,1.000000
0.000000,-1.000000,0.000000,-0.707107,0.000000,0.707107,-0.707107,0.000000,-0.707107,-1.000000,0.005406,0.019594,1.000000
0.000000,-1.000000,0.000000,-0.707107,0.000000,0.707107,-0.707107,0.000000,-0.707107,-1.000000,0.005406,0.019594,1.000000
0.000000,-1.000000,0.000000,-0.707107,0.000000,0.707107,-0.707107,0.000000,-0.707107,-1.000000,0.005406,0.019594,1.000000
0.000000,-1.000000,0.000000,-0.707107,0.000000,0.707107,-0.707107,0.000000,-0.707107,-1.000000,0.005406,0.019594,1.000000
0.000000,-1.000000,0.000000,-0.707107,0.000000,0.707107,-0.707107,0.000000,-0.707107,-1.000000,0.005406,0.019594,1.000000
0.000000,-1.000000,0.000000,-0.707107,0.000000,0.707107,-0.707107,0.000000,-0.707107,-1.000000,0.005406,0.019594,1.000000
0.000000,-1.000000,0.000000,-0.707107,0.000000,0.707107,-0.707107,0.000000,-0.707107,-1.000000,0.005406,0.019594,1.000000
0.000000,-1.000000,0.000000,-0.707107,0.000000,0.707107,-0.707107,0.000000,-0.707107,-1.000000,0.005406,0.019594,1.000000
0.000000,-1.000000,0.000000,-0.707107,0.000000,0.707107,-0.707107,0.000000,-0.707107,-1.000000,0.005406,0.019594,1.000000
0.000000,-1.000000,0.000000,-0.707107,0.000000,0.707107,-0.707107,0.000000,-0.707107,-1.000000,0.005406,0.019594,1.000000
0.000000,-1.000000,0.000000,-0.707107,0.000000,0.707107,-0.707107,0.000000,-0.707107,-1.000000,0.005406,0.019594,1.000000
0.000000,-1.000000,0.000000,-0.707107,0.000000,0.707107,-0.707107,0.000000,-0.707107,-1.000000,0.005406,0.019594,1.000000
0.000000,-1.000000,0.000000,-0.707107,0.000000,0.707107,-0.707107,0.000000,-0.707107,-1.000000,0.005406,0.019594,1.000000
0.000000,-1.000000,0.000000,-0.707107,0.000000,0.707107,-0.707107,0.000000,-0.707107,-1.000000,0.005406,0.019594,1.000000
0.000000,-1.000000,0.000000,-0.707107,0.000000,0.707107,-0.707107,0.000000,-0.707107,-1.000000,0.005406,0.019594,1.000000
0.000000,-1.000000,0.000000,-0.707107,0.000000,0.707107,-0.707107,0.000000,-0.707107,-1.000000,0.005406,0.019594,1.000000
0.000000,-1.000000,0.000000,-0.707107,0.000000,0.707107,-0.707107,0.000000,-0.707107,-1.000000,0.005406,0.019594,1.000000
0.000000,-1.000000,0.000000,-0.707107,0.000000,0.707107,-0.707107,0.000000,-0.707107,-1.000000,0.005406,0.019594,1.000000
0.000000,-1.000000,0.000000,-0.707107,0.000000,0.707107,-0.707107,0.000000,-0.707107,-1.000000,0.005406,0.019594,1.000000
0.000000,-1.000000,0.000000,-0.707107,0.000000,0.707107,-0.707107,0.000000,-0.707107,-1.000000,0.005406,0.019594,1.000000
0.000000,-1.000000,0.000000,-0.707107,0.000000,0.707107,-0.707107,0.000000,-0.707107,-1.000000,0.005406,0.019594,1.000000
0.000000,-1.000000,0.000000,-0.707107,0.000000,0.707107,-0.707107,0.000000,-0.707107,-1.000000,0.005406,0.019594,1.000000
0.000000,-1.000000,0.000000,-0.707107,0.000000,0.707107,-0.707107,0.000000,-0.707107,-1.000000,0.005396,0.019604,1.000000
0.000000,-1.000000,0.000000,-0.707107,0.000000,0.707107,-0.707107,0.000000,-0.707107,-1.000000,0.005333,0.019667,1.000000
0.000000,-1.000000,0.000000,-0.707107,0.000000,0.707107,-0.707107,0.000000,-0.707107,-1.000000,0.005166,0.019834,1.000000
0.000000,-1.000000,0.000000,-0.707107,0.000000,0.707107,-0.707107,0.000000,-0.707107,-1.000000,0.004851,0.020149,1.000000
0.000000,-1.000000,0.000000,-0.707107,0.000000,0.707107,-0.707107,0.000000,-0.707107,-1.000000,0.004350,0.020650,1.000000
0.000000,-1.000000,0.000000,-0.707107,0.000000,0.707107,-0.707107,0.000000,-0.707107,-1.000000,0.003629,0.021371,1.000000
0.000000,-1.000000,0.000000,-0.707107,0.000000,0.707107,-0.707107,0.000000,-0.707107,-1.000000,0.002658,0.022342,1.000000
0.000000,-1.000000,0.000000,-0.707107,0.000000,0.707107,-0.707107,0.000000,-0.707107,-1.000000,0.001413,0.023587,1.000000
0.000000,-1.000000,0.000000,-0.707107,0.000000,0.707107,-0.707107,0.000000,-0.707107,-1.000000,-0.000126,0.025126,1.000000
0.000000,-1.000000,0.000000,-0.707107,0.000000,0.707107,-0.707107,0.000000,-0.707107,-1.000000,-0.001976,0.026976,1.000000
0.000000,-1.000000,0.000000,-0.707107,0.000000,0.707107,-0.707107,0.000000,-0.707107,-1.000000,-0.004149,0.029149,1.000000
0.000000,-1.000000,0.000000,-0.707107,0.000000,0.707107,-0.707107,0.000000,-0.707107,-1.000000,-0.006653,0.031653,1.000000
0.000000,-1.000000,0.000000,-0.707107,0.000000,0.707107,-0.707107,0.000000,-0.707107,-1.000000,-0.009493,0.034493,1.000000
0.000000,-1.000000,0.000000,-0.707107,0.000000,0.707107,-0.707107,0.000000,-0.707107,-1.000000,-0.012670,0.037670,1.000000
0.000000,-1.000000,0.000000,-0.707107,0.000000,0.707107,-0.707107,0.000000,-0.707107,-1.000000,-0.016183,0.041183,1.000000
0.000000,-1.000000,0.000000,-0.707107,0.000000,0.707107,-0.707107,0.000000,-0.707107,-1.000000,-0.020026,0.045026,1.000000
0.000000,-1.000000,0.000000,-0.707107,0.000000,0.707107,-0.707107,0.000000,-0.707107,-1.000000,-0.024191,0.049191,1.000000
0.000000,-1.000000,0.000000,-0.707107,0.000000,0.707107,-0.707107,0.000000,-0.707107,-1.000000,-0.028668,0.053668,1.000000
0.000000,-1.000000,0.000000,-0.707107,0.000000,0.707107,-0.707107,0.000000,-0.707107,-1.000000,-0.033444,0.058444,1.000000
0.000000,-1.000000,0.000000,-0.707107,0.000000,0.707107,-0.707107,0.000000,-0.707107,-1.000000,-0.038504,0.063504,1.000000
0.000000,-1.000000,0.000000,-0.707107,0.000000,0.707107,-0.707107,0.000000,-0.707107,-1.000000,-0.043829,0.068829,1.000000
0.000000,-1.000000,0.000000,-0.707107,0.000000,0.707107,-0.707107,0.000000,-0.707107,-1.000000,-0.049401,0.074401,1.000000
0.000000,-1.000000,0.000000,-0.707107,0.000000,0.707107,-0.707107,0.000000,-0.707107,-1.000000,-0.055199,0.080199,1.000000
0.000000,-1.000000,0.000000,-0.707107,0.000000,0.707107,-0.707107,0.000000,-0.707107,-1.000000,-0.061198,0.086198,1.000000
0.000000,-1.000000,0.000000,-0.707107,0.000000,0.707107,-0.707107,0.000000,-0.707107,-1.000000,-0.067376,0.092376,1.000000
0.000000,-1.000000,0.000000,-0.707107,0.000000,0.707107,-0.707107,0.000000,-0.707107,-1.000000,-0.073707,0.098707,1.000000
0.000000,-1.000000,0.000000,-0.707107,0.000000,0.707107,-0.707107,0.000000,-0.707107,-1.000000,-0.080165,0.105165,1.000000
0.000000,-1.000000,0.000000,-0.707107,0.000000,0.707107,-0.707107,0.000000,-0.707107,-1.000000,-0.086721,0.111721,1.000000
0.000000,-1.000000,0.000000,-0.707107,0.000000,0.707107,-0.707107,0.000000,-0.707107,-1.000000,-0.093349,0.118349,1.000000
0.000000,-1.000000,0.000000,-0.707107,0.000000,0.707107,-0.707107,0.000000,-0.707107,-1.000000,-0.100021,0.125021,1.000000
0.000000,-1.000000,0.000000,-0.707107,0.000000,0.707107,-0.707107,0.000000,-0.707107,-1.000000,-0.106706,0.131706,1.000000
0.000000,-1.000000,0.000000,-0.707107,0.000000,0.707107,-0.707107,0.000000,-0.707107,-1.000000,-0.113377,0.138377,1.000000
0.000000,-1.000000,0.000000,-0.707107,0.000000,0.707107,-0.707107,0.000000,-0.707107,-1.000000,-0.120005,0.145005,1.000000
0.000000,-1.000000,0.000000,-0.707107,0.000000,0.707107,-0.707107,0.000000,-0.707107,-1.000000,-0.126562,0.151562,1.000000
0.000000,-1.000000,0.000000,-0.707107,0.000000,0.707107,-0.707107,0.000000,-0.707107,-1.000000,-0.133019,0.158019,1.000000
0.000000,-1.000000,0.000000,-0.707107,0.000000,0.707107,-0.707107,0.000000,-0.707107,-1.000000,-0.139350,0.164350,1.000000
0.000000,-1.000000,0.000000,-0.707107,0.000000,0.707107,-0.707107,0.000000,-0.707107,-1.000000,-0.145528,0.170528,1.000000
0.000000,-1.000000,0.000000,-0.707107,0.000000,0.707107,-0.707107,0.000000,-0.707107,-1.000000,-0.151528,0.176528,1.000000
0.000000,-1.000000,0.000000,-0.707107,0.000000,0.707107,-0.707107,0.000000,-0.707107,-1.000000,-0.157325,0.182325,1.000000
0.000000,-1.000000,0.000000,-0.707107,0.000000,0.707107,-0.707107,0.000000,-0.707107,-1.000000,-0.162897,0.187897,1.000000
0.000000,-1.000000,0.000000,-0.707107,0.000000,0.707107,-0.707107,0.000000,-0.707107,-1.000000,-0.168223,0.193223,1.000000
0.000000,-1.000000,0.000000,-0.707107,0.000000,0.707107,-0.707107,0.000000,-0.707107,-1.000000,-0.173282,0.198282,1.000000
0.000000,-1.000000,0.000000,-0.707107,0.000000,0.707107,-0.707107,0.000000,-0.707107,-1.000000,-0.178058,0.203058,1.000000
0.000000,-1.000000,0.000000,-0.707107,0.000000,0.707107,-0.707107,0.000000,-0.707107,-1.000000,-0.182535,0.207535,1.000000
0.000000,-1.000000,0.000000,-0.707107,0.000000,0.707107,-0.707107,0.000000,-0.707107,-1.000000,-0.186701,0.211701,1.000000
0.000000,-1.000000,0.000000,-0.707107,0.000000,0.707107,-0.707107,0.000000,-0.707107,-1.000000,-0.190544,0.215544,1.000000
0.000000,-1.000000,0.000000,-0.707107,0.000000,0.707107,-0.707107,0.000000,-0.707107,-1.000000,-0.194056,0.219056,1.000000
0.000000,-1.000000,0.000000,-0.707107,0.000000,0.707107,-0.707107,0.000000,-0.707107,-1.000000,-0.197233,0.222233,1.000000
0.000000,-1.000000,0.000000,-0.707107,0.000000,0.707107,-0.707107,0.000000,-0.707107,-1.000000,-0.200073,0.225073,1.000000
0.000000,-1.000000,0.000000,-0.707107,0.000000,0.707107,-0.707107,0.000000,-0.707107,-1.000000,-0.202577,0.227577,1.000000
0.000000,-1.000000,0.000000,-0.707107,0.000000,0.707107,-0.707107,0.000000,-0.707107,-1.000000,-0.204750,0.229750,1.000000
0.000000,-1.000000,0.000000,-0.707107,0.000000,0.707107,-0.707107,0.000000,-0.707107,-1.000000,-0.206600,0.231600,1.000000
0.000000,-1.000000,0.000000,-0.707107,0.000000,0.707107,-0.707107,0.000000,-0.707107,-1.000000,-0.208140,0.233140,1.000000
0.000000,-1.000000,0.000000,-0.707107,0.000000,0.707107,-0.707107,0.000000,-0.707107,-1.000000,-0.209385,0.234385,1.000000
0.000000,-1.000000,0.000000,-0.707107,0.000000,0.707107,-0.707107,0.000000,-0.707107,-1.000000,-0.210355,0.235355,1.000000
0.000000,-1.000000,0.000000,-0.707107,0.000000,0.707107,-0.707107,0.000000,-0.707107,-1.000000,-0.211077,0.236077,1.000000
0.000000,-1.000000,0.000000,-0.707107,0.000000,0.707107,-0.707107,0.000000,-0.707107,-1.000000,-0.211577,0.236577,1.000000
0.000000,-1.000000,0.000000,-0.707107,0.000000,0.707107,-0.707107,0.000000,-0.707107,-1.000000,-0.211892,0.236892,1.000000
0.000000,-1.000000,0.000000,-0.707107,0.000000,0.707107,-0.707107,0.000000,-0.707107,-1.000000,-0.212059,0.237059,1.000000
0.000000,-1.000000,0.000000,-0.707107,0.000000,0.707107,-0.707107,0.000000,-0.707107,-1.000000,-0.212123,0.237123,1.000000
0.000000,-1.000000,0.000000,-0.707107,0.000000,0.707107,-0.707107,0.000000,-0.707107,-1.000000,-0.212132,0.237132,1.000000
0.000000,-1.000000,0.000000,-0.707107,0.000000,0.707107,-0.707107,0.000000,-0.707107,-1.000000,-0.212132,0.237132,1.000000
0.000000,-1.000000,0.000000,-0.707107,0.000000,0.707107,-0.707107,0.000000,-0.707107,-0.999999,-0.212132,0.237132,1.000000
-0.000005,-1.000000,0.000005,-0.707107,0.000007,0.707107,-0.707107,-0.000000,-0.707107,-0.999994,-0.212133,0.237132,1.000000
-0.000016,-1.000000,0.000016,-0.707107,0.000023,0.707107,-0.707107,-0.000000,-0.707107,-0.999981,-0.212136,0.237132,1.000000
-0.000038,-1.000000,0.000038,-0.707107,0.000054,0.707107,-0.707107,-0.000000,-0.707107,-0.999956,-0.212142,0.237132,1.000000
-0.000074,-1.000000,0.000074,-0.707107,0.000105,0.707107,-0.707107,-0.000000,-0.707107,-0.999914,-0.212151,0.237132,1.000000
-0.000127,-1.000000,0.000127,-0.707107,0.000180,0.707107,-0.707107,-0.000000,-0.707107,-0.999852,-0.212165,0.237132,1.000000
-0.000201,-1.000000,0.000201,-0.707107,0.000284,0.707107,-0.707107,-0.000000,-0.707107,-0.999767,-0.212184,0.237132,1.000000
-0.000299,-1.000000,0.000299,-0.707107,0.000422,0.707107,-0.707107,0.000000,-0.707107,-0.999654,-0.212209,0.237132,1.000000
-0.000423,-1.000000,0.000423,-0.707107,0.000598,0.707107,-0.707107,-0.000000,-0.707107,-0.999510,-0.212242,0.237132,1.000000
-0.000576,-1.000000,0.000576,-0.707107,0.000815,0.707107,-0.707107,0.000000,-0.707107,-0.999332,-0.212281,0.237132,1.000000
-0.000763,-0.999999,0.000763,-0.707106,0.001078,0.707106,-0.707107,-0.000000,-0.707107,-0.999116,-0.212330,0.237132,1.000000
-0.000984,-0.999999,0.000984,-0.707106,0.001392,0.707106,-0.707107,-0.000000,-0.707107,-0.998859,-0.212387,0.237132,1.000000
-0.001244,-0.999998,0.001244,-0.707106,0.001759,0.707106,-0.707107,-0.000000,-0.707107,-0.998558,-0.212454,0.237132,1.000000
-0.001544,-0.999998,0.001544,-0.707105,0.002184,0.707105,-0.707107,-0.000000,-0.707107,-0.998209,-0.212532,0.237132,1.000000
-0.001888,-0.999996,0.001888,-0.707104,0.002671,0.707104,-0.707107,0.000000,-0.707107,-0.997810,-0.212621,0.237132,1.000000
-0.002278,-0.999995,0.002278,-0.707103,0.003222,0.707103,-0.707107,0.000000,-0.707107,-0.997358,-0.212722,0.237132,1.000000
-0.002716,-0.999993,0.002716,-0.707102,0.003842,0.707102,-0.707107,-0.000000,-0.707107,-0.996850,-0.212836,0.237132,1.000000
-0.003205,-0.999990,0.003205,-0.707100,0.004533,0.707100,-0.707107,-0.000000,-0.707107,-0.996283,-0.212963,0.237132,1.000000
-0.003747,-0.999986,0.003747,-0.707097,0.005299,0.707097,-0.707107,-0.000000,-0.707107,-0.995655,-0.213103,0.237132,1.000000
-0.004344,-0.999981,0.004344,-0.707093,0.006144,0.707093,-0.707107,-0.000000,-0.707107,-0.994963,-0.213258,0.237132,1.000000
-0.004999,-0.999975,0.004999,-0.707089,0.007069,0.707089,-0.707107,-0.000000,-0.707107,-0.994204,-0.213428,0.237132,1.000000
-0.005713,-0.999967,0.005713,-0.707084,0.008079,0.707084,-0.707107,-0.000000,-0.707107,-0.993376,-0.213613,0.237132,1.000000
-0.006488,-0.999958,0.006488,-0.707077,0.009176,0.707077,-0.707107,-0.000000,-0.707107,-0.992477,-0.213814,0.237132,1.000000
-0.007327,-0.999946,0.007327,-0.707069,0.010362,0.707069,-0.707107,-0.000000,-0.707107,-0.991504,-0.214031,0.237132,1.000000
-0.008231,-0.999932,0.008231,-0.707059,0.011641,0.707059,-0.707107,-0.000000,-0.707107,-0.990456,-0.214265,0.237132,1.000000
-0.009203,-0.999915,0.009203,-0.707047,0.013015,0.707047,-0.707107,0.000000,-0.707107,-0.989329,-0.214517,0.237132,1.000000
-0.010243,-0.999895,0.010243,-0.707033,0.014486,0.707033,-0.707107,-0.000000,-0.707107,-0.988123,-0.214787,0.237132,1.000000
-0.011354,-0.999871,0.011354,-0.707016,0.016056,0.707016,-0.707107,-0.000000,-0.707107,-0.986835,-0.215075,0.237132,1.000000
-0.012536,-0.999843,0.012536,-0.706996,0.017729,0.706996,-0.707107,-0.000000,-0.707107,-0.985464,-0.215381,0.237132,1.000000
-0.013793,-0.999810,0.013793,-0.706972,0.019506,0.706972,-0.707107,-0.000000,-0.707107,-0.984007,-0.215707,0.237132,1.000000
-0.015124,-0.999771,0.015124,-0.706945,0.021389,0.706945,-0.707107,-0.000000,-0.707107,-0.982463,-0.216052,0.237132,1.000000
-0.016532,-0.999727,0.016532,-0.706913,0.023380,0.706913,-0.707107,-0.000000,-0.707107,-0.980830,-0.216417,0.237132,1.000000
-0.018018,-0.999675,0.018018,-0.706877,0.025481,0.706877,-0.707107,-0.000000,-0.707107,-0.979106,-0.216802,0.237132,1.000000
-0.019583,-0.999616,0.019583,-0.706836,0.027694,0.706836,-0.707107,-0.000000,-0.707107,-0.977291,-0.217208,0.237132,1.000000
-0.021228,-0.999549,0.021228,-0.706788,0.030020,0.706788,-0.707107,-0.000000,-0.707107,-0.975383,-0.217634,0.237132,1.000000
-0.022954,-0.999473,0.022954,-0.706734,0.032462,0.706734,-0.707107,-0.000000,-0.707107,-0.973380,-0.218082,0.237132,1.000000
-0.024763,-0.999387,0.024763,-0.706673,0.035020,0.706673,-0.707107,0.000000,-0.707107,-0.971282,-0.218551,0.237132,1.000000
-0.026656,-0.999289,0.026656,-0.706604,0.037697,0.706604,-0.707107,0.000000,-0.707107,-0.969086,-0.219042,0.237132,1.000000
-0.028632,-0.999180,0.028632,-0.706527,0.040492,0.706527,-0.707107,-0.000000,-0.707107,-0.966792,-0.219555,0.237132,1.000000
-0.030695,-0.999057,0.030695,-0.706440,0.043409,0.706440,-0.707107,-0.000000,-0.707107,-0.964399,-0.220090,0.237132,1.000000
-0.032843,-0.998921,0.032843,-0.706344,0.046447,0.706344,-0.707107,-0.000000,-0.707107,-0.961905,-0.220647,0.237132,1.000000
-0.035078,-0.998769,0.035078,-0.706236,0.049608,0.706236,-0.707107,-0.000000,-0.707107,-0.959311,-0.221227,0.237132,1.000000
-0.037400,-0.998600,0.037400,-0.706117,0.052892,0.706117,-0.707107,-0.000000,-0.707107,-0.956614,-0.221830,0.237132,1.000000
-0.039811,-0.998414,0.039811,-0.705985,0.056302,0.705985,-0.707107,-0.000000,-0.707107,-0.953815,-0.222455,0.237132,1.000000
-0.042311,-0.998208,0.042311,-0.705840,0.059836,0.705840,-0.707107,-0.000000,-0.707107,-0.950912,-0.223104,0.237132,1.000000
-0.044899,-0.997982,0.044899,-0.705680,0.063497,0.705680,-0.707107,-0.000000,-0.707107,-0.947905,-0.223777,0.237132,1.000000
-0.047577,-0.997734,0.047577,-0.705504,0.067285,0.705504,-0.707107,-0.000000,-0.707107,-0.944793,-0.224472,0.237132,1.000000
-0.050346,-0.997462,0.050346,-0.705312,0.071199,0.705312,-0.707107,0.000000,-0.707107,-0.941575,-0.225191,0.237132,1.000000
-0.053204,-0.997165,0.053204,-0.705102,0.075242,0.705102,-0.707107,-0.000000,-0.707107,-0.938252,-0.225934,0.237132,1.000000
-0.056153,-0.996842,0.056153,-0.704874,0.079412,0.704874,-0.707107,-0.000000,-0.707107,-0.934823,-0.226701,0.237132,1.000000
-0.059192,-0.996490,0.059192,-0.704625,0.083711,0.704625,-0.707107,-0.000000,-0.707107,-0.931287,-0.227491,0.237132,1.000000
-0.062323,-0.996108,0.062323,-0.704355,0.088137,0.704355,-0.707107,0.000000,-0.707107,-0.927644,-0.228305,0.237132,1.000000
-0.065544,-0.995695,0.065544,-0.704063,0.092693,0.704063,-0.707107,-0.000000,-0.707107,-0.923894,-0.229144,0.237132,1.000000
-0.068855,-0.995248,0.068855,-0.703746,0.097376,0.703746,-0.707107,-0.000000,-0.707107,-0.920036,-0.230006,0.237132,1.000000
-0.072258,-0.994765,0.072258,-0.703405,0.102188,0.703405,-0.707107,-0.000000,-0.707107,-0.916072,-0.230892,0.237132,1.000000
-0.075750,-0.994245,0.075750,-0.703038,0.107127,0.703038,-0.707107,0.000000,-0.707107,-0.911999,-0.231802,0.237132,1.000000
-0.079333,-0.993686,0.079333,-0.702642,0.112195,0.702642,-0.707107,-0.000000,-0.707107,-0.907820,-0.232736,0.237132,1.000000
-0.083007,-0.993086,0.083007,-0.702218,0.117389,0.702218,-0.707107,-0.000000,-0.707107,-0.903532,-0.233695,0.237132,1.000000
-0.086769,-0.992443,0.086769,-0.701763,0.122710,0.701763,-0.707107,-0.000000,-0.707107,-0.899138,-0.234677,0.237132,1.000000
-0.090621,-0.991754,0.090621,-0.701276,0.128157,0.701276,-0.707107,-0.000000,-0.707107,-0.894636,-0.235683,0.237132,1.000000
-0.094561,-0.991018,0.094561,-0.700755,0.133730,0.700755,-0.707107,-0.000000,-0.707107,-0.890028,-0.236713,0.237132,1.000000
-0.098590,-0.990232,0.098590,-0.700200,0.139427,0.700200,-0.707107,-0.000000,-0.707107,-0.885312,-0.237767,0.237132,1.000000
-0.102706,-0.989395,0.102706,-0.699608,0.145249,0.699608,-0.707107,0.000000,-0.707107,-0.880491,-0.238845,0.237132,1.000000
-0.106909,-0.988504,0.106909,-0.698978,0.151192,0.698978,-0.707107,0.000000,-0.707107,-0.875563,-0.239947,0.237132,1.000000
-0.111198,-0.987558,0.111198,-0.698309,0.157258,0.698309,-0.707107,-0.000000,-0.707107,-0.870530,-0.241072,0.237132,1.000000
-0.115572,-0.986553,0.115572,-0.697598,0.163444,0.697598,-0.707107,0.000000,-0.707107,-0.865391,-0.242220,0.237132,1.000000
-0.120031,-0.985487,0.120031,-0.696845,0.169750,0.696845,-0.707107,-0.000000,-0.707107,-0.860148,-0.243392,0.237132,1.000000
-0.124573,-0.984359,0.124573,-0.696047,0.176173,0.696047,-0.707107,0.000000,-0.707107,-0.854801,-0.244587,0.237132,1.000000
-0.129198,-0.983166,0.129198,-0.695204,0.182713,0.695204,-0.707107,-0.000000,-0.707107,-0.849351,-0.245806,0.237132,1.000000
-0.133903,-0.981906,0.133903,-0.694313,0.189368,0.694313,-0.707107,-0.000000,-0.707107,-0.843797,-0.247047,0.237132,1.000000
-0.138689,-0.980577,0.138689,-0.693372,0.196136,0.693372,-0.707107,-0.000000,-0.707107,-0.838142,-0.248311,0.237132,1.000000
-0.143554,-0.979175,0.143554,-0.692382,0.203016,0.692382,-0.707107,-0.000000,-0.707107,-0.832386,-0.249598,0.237132,1.000000
-0.148496,-0.977700,0.148496,-0.691338,0.210006,0.691338,-0.707107,0.000000,-0.707107,-0.826529,-0.250907,0.237132,1.000000
-0.153515,-0.976149,0.153515,-0.690241,0.217103,0.690241,-0.707107,-0.000000,-0.707107,-0.820572,-0.252238,0.237132,1.000000
-0.158609,-0.974519,0.158609,-0.689089,0.224307,0.689089,-0.707107,-0.000000,-0.707107,-0.814517,-0.253592,0.237132,1.000000
-0.163776,-0.972808,0.163776,-0.687879,0.231614,0.687879,-0.707107,-0.000000,-0.707107,-0.808363,-0.254967,0.237132,1.000000
-0.169015,-0.971014,0.169015,-0.686610,0.239024,0.686610,-0.707107,-0.000000,-0.707107,-0.802113,-0.256364,0.237132,1.000000
-0.174325,-0.969135,0.174325,-0.685282,0.246532,0.685282,-0.707107,-0.000000,-0.707107,-0.795767,-0.257783,0.237132,1.000000
-0.179703,-0.967168,0.179703,-0.683891,0.254138,0.683891,-0.707107,0.000000,-0.707107,-0.789326,-0.259222,0.237132,1.000000
-0.185148,-0.965112,0.185148,-0.682437,0.261838,0.682437,-0.707107,0.000000,-0.707107,-0.782792,-0.260683,0.237132,1.000000
-0.190658,-0.962964,0.190658,-0.680918,0.269631,0.680918,-0.707107,-0.000000,-0.707107,-0.776164,-0.262164,0.237132,1.000000
-0.196231,-0.960722,0.196231,-0.679333,0.277513,0.679333,-0.707107,-0.000000,-0.707107,-0.769446,-0.263666,0.237132,1.000000
-0.201866,-0.958384,0.201866,-0.677680,0.285481,0.677680,-0.707107,-0.000000,-0.707107,-0.762637,-0.265188,0.237132,1.000000
-0.207560,-0.955949,0.207560,-0.675958,0.293534,0.675958,-0.707107,-0.000000,-0.707107,-0.755739,-0.266730,0.237132,1.000000
-0.213312,-0.953413,0.213312,-0.674165,0.301668,0.674165,-0.707107,0.000000,-0.707107,-0.748754,-0.268291,0.237132,1.000000
-0.219119,-0.950775,0.219119,-0.672300,0.309881,0.672300,-0.707107,0.000000,-0.707107,-0.741682,-0.269872,0.237132,1.000000
-0.224979,-0.948034,0.224979,-0.670361,0.318168,0.670361,-0.707107,-0.000000,-0.707107,-0.734525,-0.271472,0.237132,1.000000
-0.230890,-0.945187,0.230890,-0.668348,0.326528,0.668348,-0.707107,0.000000,-0.707107,-0.727284,-0.273090,0.237132,1.000000
-0.236851,-0.942233,0.236851,-0.666260,0.334957,0.666260,-0.707107,-0.000000,-0.707107,-0.719961,-0.274727,0.237132,1.000000
-0.242857,-0.939170,0.242857,-0.664094,0.343452,0.664094,-0.707107,-0.000000,-0.707107,-0.712557,-0.276382,0.237132,1.000000
-0.248909,-0.935996,0.248909,-0.661849,0.352010,0.661849,-0.707107,-0.000000,-0.707107,-0.705074,-0.278055,0.237132,1.000000
-0.255002,-0.932710,0.255002,-0.659526,0.360627,0.659526,-0.707107,-0.000000,-0.707107,-0.697513,-0.279745,0.237132,1.000000
-0.261134,-0.929311,0.261134,-0.657122,0.369299,0.657122,-0.707107,-0.000000,-0.707107,-0.689876,-0.281452,0.237132,1.000000
-0.267303,-0.925796,0.267303,-0.654636,0.378024,0.654636,-0.707107,-0.000000,-0.707107,-0.682164,-0.283176,0.237132,1.000000
-0.273507,-0.922164,0.273507,-0.652069,0.386798,0.652069,-0.707107,-0.000000,-0.707107,-0.674378,-0.284916,0.237132,1.000000
-0.279743,-0.918416,0.279743,-0.649418,0.395617,0.649418,-0.707107,0.000000,-0.707107,-0.666521,-0.286672,0.237132,1.000000
-0.286009,-0.914548,0.286009,-0.646683,0.404478,0.646683,-0.707107,-0.000000,-0.707107,-0.658595,-0.288444,0.237132,1.000000
-0.292301,-0.910560,0.292301,-0.643863,0.413376,0.643863,-0.707107,-0.000000,-0.707107,-0.650600,-0.290231,0.237132,1.000000
-0.298618,-0.906452,0.298618,-0.640958,0.422309,0.640958,-0.707107,0.000000,-0.707107,-0.642538,-0.292033,0.237132,1.000000
-0.304956,-0.902222,0.304956,-0.637967,0.431273,0.637967,-0.707107,0.000000,-0.707107,-0.634412,-0.293849,0.237132,1.000000
-0.311313,-0.897869,0.311313,-0.634889,0.440263,0.634889,-0.707107,-0.000000,-0.707107,-0.626223,-0.295680,0.237132,1.000000
-0.317686,-0.893393,0.317686,-0.631724,0.449276,0.631724,-0.707107,-0.000000,-0.707107,-0.617972,-0.297524,0.237132,1.000000
-0.324073,-0.888794,0.324073,-0.628472,0.458308,0.628472,-0.707107,-0.000000,-0.707107,-0.609662,-0.299382,0.237132,1.000000
-0.330470,-0.884070,0.330470,-0.625132,0.467355,0.625132,-0.707107,-0.000000,-0.707107,-0.601294,-0.301252,0.237132,1.000000
-0.336875,-0.879221,0.336875,-0.621703,0.476413,0.621703,-0.707107,-0.000000,-0.707107,-0.592870,-0.303135,0.237132,1.000000
-0.343285,-0.874248,0.343285,-0.618187,0.485479,0.618187,-0.707107,-0.000000,-0.707107,-0.584393,-0.305030,0.237132,1.000000
-0.349698,-0.869150,0.349698,-0.614582,0.494548,0.614582,-0.707107,-0.000000,-0.707107,-0.575863,-0.306936,0.237132,1.000000
-0.356110,-0.863928,0.356110,-0.610889,0.503616,0.610889,-0.707107,0.000000,-0.707107,-0.567283,-0.308854,0.237132,1.000000
-0.362519,-0.858580,0.362519,-0.607108,0.512680,0.607108,-0.707107,-0.000000,-0.707107,-0.558655,-0.310783,0.237132,1.000000
-0.368923,-0.853107,0.368923,-0.603238,0.521735,0.603238,-0.707107,-0.000000,-0.707107,-0.549980,-0.312722,0.237132,1.000000
-0.375317,-0.847511,0.375317,-0.599281,0.530778,0.599281,-0.707107,-0.000000,-0.707107,-0.541261,-0.314671,0.237132,1.000000
-0.381699,-0.841790,0.381699,-0.595236,0.539804,0.595236,-0.707107,-0.000000,-0.707107,-0.532499,-0.316629,0.237132,1.000000
-0.388068,-0.835947,0.388068,-0.591104,0.548811,0.591104,-0.707107,-0.000000,-0.707107,-0.523697,-0.318597,0.237132,1.000000
-0.394419,-0.829981,0.394419,-0.586885,0.557792,0.586885,-0.707107,0.000000,-0.707107,-0.514856,-0.320573,0.237132,1.000000
-0.400750,-0.823893,0.400750,-0.582580,0.566746,0.582580,-0.707107,-0.000000,-0.707107,-0.505979,-0.322557,0.237132,1.000000
-0.407058,-0.817684,0.407058,-0.578190,0.575667,0.578190,-0.707107,-0.000000,-0.707107,-0.497068,-0.324549,0.237132,1.000000
-0.413342,-0.811355,0.413342,-0.573715,0.584553,0.573715,-0.707107,0.000000,-0.707107,-0.488124,-0.326548,0.237132,1.000000
-0.419597,-0.804908,0.419597,-0.569156,0.593399,0.569156,-0.707107,-0.000000,-0.707107,-0.479149,-0.328554,0.237132,1.000000
-0.425821,-0.798344,0.425821,-0.564514,0.602202,0.564514,-0.707107,-0.000000,-0.707107,-0.470146,-0.330567,0.237132,1.000000
-0.432012,-0.791664,0.432012,-0.559791,0.610957,0.559791,-0.707107,0.000000,-0.707107,-0.461117,-0.332585,0.237132,1.000000
-0.438167,-0.784869,0.438167,-0.554986,0.619661,0.554986,-0.707107,-0.000000,-0.707107,-0.452063,-0.334608,0.237132,1.000000
-0.444283,-0.777962,0.444283,-0.550102,0.628311,0.550102,-0.707107,-0.000000,-0.707107,-0.442988,-0.336637,0.237132,1.000000
-0.450358,-0.770944,0.450358,-0.545140,0.636903,0.545140,-0.707107,-0.000000,-0.707107,-0.433892,-0.338670,0.237132,1.000000
-0.456390,-0.763817,0.456390,-0.540100,0.645433,0.540100,-0.707107,-0.000000,-0.707107,-0.424779,-0.340707,0.237132,1.000000
-0.462376,-0.756583,0.462376,-0.534985,0.653898,0.534985,-0.707107,-0.000000,-0.707107,-0.415649,-0.342748,0.237132,1.000000
-0.468313,-0.749243,0.468313,-0.529795,0.662295,0.529795,-0.707107,0.000000,-0.707107,-0.406506,-0.344792,0.237132,1.000000
-0.474200,-0.741802,0.474200,-0.524533,0.670619,0.524533,-0.707107,0.000000,-0.707107,-0.397351,-0.346838,0.237132,1.000000
-0.480033,-0.734259,0.480033,-0.519200,0.678869,0.519200,-0.707107,-0.000000,-0.707107,-0.388186,-0.348886,0.237132,1.000000
-0.485811,-0.726619,0.485811,-0.513797,0.687041,0.513797,-0.707107,-0.000000,-0.707107,-0.379014,-0.350937,0.237132,1.000000
-0.491532,-0.718883,0.491532,-0.508327,0.695131,0.508327,-0.707107,-0.000000,-0.707107,-0.369837,-0.352988,0.237132,1.000000
-0.497193,-0.711055,0.497193,-0.502792,0.703136,0.502792,-0.707107,-0.000000,-0.707107,-0.360657,-0.355040,0.237132,1.000000
-0.502792,-0.703136,0.502792,-0.497193,0.711055,0.497193,-0.707107,-0.000000,-0.707107,-0.351475,-0.357092,0.237132,1.000000
-0.508327,-0.695131,0.508327,-0.491532,0.718883,0.491532,-0.707107,-0.000000,-0.707107,-0.342295,-0.359144,0.237132,1.000000
-0.513797,-0.687041,0.513797,-0.485811,0.726619,0.485811,-0.707107,-0.000000,-0.707107,-0.333118,-0.361196,0.237132,1.000000
-0.519200,-0.678869,0.519200,-0.480033,0.734259,0.480033,-0.707107,-0.000000,-0.707107,-0.323946,-0.363246,0.237132,1.000000
-0.524533,-0.670619,0.524533,-0.474200,0.741802,0.474200,-0.707107,-0.000000,-0.707107,-0.314781,-0.365294,0.237132,1.000000
-0.529795,-0.662295,0.529795,-0.468313,0.749243,0.468313,-0.707107,-0.000000,-0.707107,-0.305626,-0.367340,0.237132,1.000000
-0.534985,-0.653898,0.534985,-0.462376,0.756583,0.462376,-0.707107,-0.000000,-0.707107,-0.296483,-0.369384,0.237132,1.000000
-0.540100,-0.645433,0.540100,-0.456390,0.763817,0.456390,-0.707107,-0.000000,-0.707107,-0.287353,-0.371425,0.237132,1.000000
-0.545140,-0.636903,0.545140,-0.450358,0.770944,0.450358,-0.707107,-0.000000,-0.707107,-0.278240,-0.373462,0.237132,1.000000
-0.550102,-0.628311,0.550102,-0.444283,0.777962,0.444283,-0.707107,-0.000000,-0.707107,-0.269144,-0.375495,0.237132,1.000000
-0.554986,-0.619661,0.554986,-0.438167,0.784869,0.438167,-0.707107,-0.000000,-0.707107,-0.260069,-0.377524,0.237132,1.000000
-0.559791,-0.610957,0.559791,-0.432012,0.791664,0.432012,-0.707107,-0.000000,-0.707107,-0.251015,-0.379547,0.237132,1.000000
-0.564514,-0.602202,0.564514,-0.425821,0.798344,0.425821,-0.707107,-0.000000,-0.707107,-0.241986,-0.381566,0.237132,1.000000
-0.569156,-0.593399,0.569156,-0.419597,0.804908,0.419597,-0.707107,-0.000000,-0.707107,-0.232983,-0.383578,0.237132,1.000000
-0.573715,-0.584553,0.573715,-0.413342,0.811355,0.413342,-0.707107,-0.000000,-0.707107,-0.224008,-0.385584,0.237132,1.000000
-0.578190,-0.575667,0.578190,-0.407058,0.817684,0.407058,-0.707107,-0.000000,-0.707107,-0.215064,-0.387583,0.237132,1.000000
-0.582580,-0.566746,0.582580,-0.400750,0.823893,0.400750,-0.707107,-0.000000,-0.707107,-0.206153,-0.389575,0.237132,1.000000
-0.586885,-0.557792,0.586885,-0.394419,0.829981,0.394419,-0.707107,0.000000,-0.707107,-0.197276,-0.391559,0.237132,1.000000
-0.591104,-0.548811,0.591104,-0.388068,0.835947,0.388068,-0.707107,0.000000,-0.707107,-0.188435,-0.393535,0.237132,1.000000
-0.595236,-0.539804,0.595236,-0.381699,0.841790,0.381699,-0.707107,-0.000000,-0.707107,-0.179633,-0.395503,0.237132,1.000000
-0.599281,-0.530778,0.599281,-0.375317,0.847511,0.375317,-0.707107,-0.000000,-0.707107,-0.170871,-0.397461,0.237132,1.000000
-0.603238,-0.521735,0.603238,-0.368923,0.853107,0.368923,-0.707107,-0.000000,-0.707107,-0.162152,-0.399410,0.237132,1.000000
-0.607108,-0.512680,0.607108,-0.362519,0.858580,0.362519,-0.707107,-0.000000,-0.707107,-0.153477,-0.401349,0.237132,1.000000
-0.610889,-0.503616,0.610889,-0.356110,0.863928,0.356110,-0.707107,-0.000000,-0.707107,-0.144849,-0.403278,0.237132,1.000000
-0.614582,-0.494548,0.614582,-0.349698,0.869150,0.349698,-0.707107,0.000000,-0.707107,-0.136269,-0.405196,0.237132,1.000000
-0.618187,-0.485479,0.618187,-0.343285,0.874248,0.343285,-0.707107,0.000000,-0.707107,-0.127739,-0.407102,0.237132,1.000000
-0.621703,-0.476413,0.621703,-0.336875,0.879221,0.336875,-0.707107,-0.000000,-0.707107,-0.119262,-0.408997,0.237132,1.000000
-0.625132,-0.467355,0.625132,-0.330470,0.884070,0.330470,-0.707107,0.000000,-0.707107,-0.110838,-0.410880,0.237132,1.000000
-0.628472,-0.458308,0.628472,-0.324073,0.888794,0.324073,-0.707107,-0.000000,-0.707107,-0.102470,-0.412751,0.237132,1.000000
-0.631724,-0.449276,0.631724,-0.317686,0.893393,0.317686,-0.707107,-0.000000,-0.707107,-0.094160,-0.414608,0.237132,1.000000
-0.634889,-0.440263,0.634889,-0.311313,0.897869,0.311313,-0.707107,0.000000,-0.707107,-0.085909,-0.416452,0.237132,1.000000
-0.637967,-0.431273,0.637967,-0.304956,0.902222,0.304956,-0.707107,-0.000000,-0.707107,-0.077720,-0.418283,0.237132,1.000000
-0.640958,-0.422309,0.640958,-0.298618,0.906452,0.298618,-0.707107,-0.000000,-0.707107,-0.069594,-0.420099,0.237132,1.000000
-0.643863,-0.413376,0.643863,-0.292301,0.910560,0.292301,-0.707107,-0.000000,-0.707107,-0.061532,-0.421901,0.237132,1.000000
-0.646683,-0.404478,0.646683,-0.286009,0.914548,0.286009,-0.707107,-0.000000,-0.707107,-0.053537,-0.423688,0.237132,1.000000
-0.649418,-0.395617,0.649418,-0.279743,0.918416,0.279743,-0.707107,-0.000000,-0.707107,-0.045611,-0.425460,0.237132,1.000000
-0.652069,-0.386798,0.652069,-0.273507,0.922164,0.273507,-0.707107,-0.000000,-0.707107,-0.037754,-0.427216,0.237132,1.000000
-0.654636,-0.378024,0.654636,-0.267303,0.925796,0.267303,-0.707107,-0.000000,-0.707107,-0.029969,-0.428956,0.237132,1.000000
-0.657122,-0.369299,0.657122,-0.261134,0.929311,0.261134,-0.707107,-0.000000,-0.707107,-0.022256,-0.430680,0.237132,1.000000
-0.659526,-0.360627,0.659526,-0.255002,0.932710,0.255002,-0.707107,-0.000000,-0.707107,-0.014619,-0.432387,0.237132,1.000000
-0.661849,-0.352010,0.661849,-0.248909,0.935996,0.248909,-0.707107,0.000000,-0.707107,-0.007058,-0.434077,0.237132,1.000000
-0.664094,-0.343452,0.664094,-0.242857,0.939170,0.242857,-0.707107,0.000000,-0.707107,0.000425,-0.435750,0.237132,1.000000
-0.666260,-0.334957,0.666260,-0.236851,0.942233,0.236851,-0.707107,0.000000,-0.707107,0.007829,-0.437405,0.237132,1.000000
-0.668348,-0.326528,0.668348,-0.230890,0.945187,0.230890,-0.707107,-0.000000,-0.707107,0.015152,-0.439042,0.237132,1.000000
-0.670361,-0.318168,0.670361,-0.224979,0.948034,0.224979,-0.707107,-0.000000,-0.707107,0.022393,-0.440660,0.237132,1.000000
-0.672300,-0.309881,0.672300,-0.219119,0.950775,0.219119,-0.707107,0.000000,-0.707107,0.029550,-0.442260,0.237132,1.000000
-0.674165,-0.301668,0.674165,-0.213312,0.953413,0.213312,-0.707107,0.000000,-0.707107,0.036622,-0.443841,0.237132,1.000000
-0.675958,-0.293534,0.675958,-0.207560,0.955949,0.207560,-0.707107,-0.000000,-0.707107,0.043607,-0.445402,0.237132,1.000000
-0.677680,-0.285481,0.677680,-0.201866,0.958384,0.201866,-0.707107,-0.000000,-0.707107,0.050505,-0.446944,0.237132,1.000000
-0.679333,-0.277513,0.679333,-0.196231,0.960722,0.196231,-0.707107,-0.000000,-0.707107,0.057314,-0.448466,0.237132,1.000000
-0.680918,-0.269631,0.680918,-0.190658,0.962964,0.190658,-0.707107,-0.000000,-0.707107,0.064032,-0.449968,0.237132,1.000000
-0.682437,-0.261838,0.682437,-0.185148,0.965112,0.185148,-0.707107,-0.000000,-0.707107,0.070660,-0.451449,0.237132,1.000000
-0.683891,-0.254138,0.683891,-0.179703,0.967168,0.179703,-0.707107,-0.000000,-0.707107,0.077194,-0.452910,0.237132,1.000000
-0.685282,-0.246532,0.685282,-0.174325,0.969135,0.174325,-0.707107,-0.000000,-0.707107,0.083635,-0.454349,0.237132,1.000000
-0.686610,-0.239024,0.686610,-0.169015,0.971014,0.169015,-0.707107,-0.000000,-0.707107,0.089981,-0.455768,0.237132,1.000000
-0.687879,-0.231614,0.687879,-0.163776,0.972808,0.163776,-0.707107,-0.000000,-0.707107,0.096231,-0.457165,0.237132,1.000000
-0.689089,-0.224307,0.689089,-0.158609,0.974519,0.158609,-0.707107,-0.000000,-0.707107,0.102384,-0.458540,0.237132,1.000000
-0.690241,-0.217103,0.690241,-0.153515,0.976149,0.153515,-0.707107,-0.000000,-0.707107,0.108440,-0.459894,0.237132,1.000000
-0.691338,-0.210006,0.691338,-0.148496,0.977700,0.148496,-0.707107,-0.000000,-0.707107,0.114397,-0.461225,0.237132,1.000000
-0.692382,-0.203016,0.692382,-0.143554,0.979175,0.143554,-0.707107,-0.000000,-0.707107,0.120254,-0.462534,0.237132,1.000000
-0.693372,-0.196136,0.693372,-0.138689,0.980577,0.138689,-0.707107,-0.000000,-0.707107,0.126010,-0.463821,0.237132,1.000000
-0.694313,-0.189368,0.694313,-0.133903,0.981906,0.133903,-0.707107,-0.000000,-0.707107,0.131665,-0.465085,0.237132,1.000000
-0.695204,-0.182713,0.695204,-0.129198,0.983166,0.129198,-0.707107,-0.000000,-0.707107,0.137219,-0.466326,0.237132,1.000000
-0.696047,-0.176173,0.696047,-0.124573,0.984359,0.124573,-0.707107,-0.000000,-0.707107,0.142669,-0.467545,0.237132,1.000000
-0.696845,-0.169750,0.696845,-0.120031,0.985487,0.120031,-0.707107,-0.000000,-0.707107,0.148016,-0.468740,0.237132,1.000000
-0.697598,-0.163444,0.697598,-0.115572,0.986553,0.115572,-0.707107,-0.000000,-0.707107,0.153259,-0.469912,0.237132,1.000000
-0.698309,-0.157258,0.698309,-0.111198,0.987558,0.111198,-0.707107,-0.000000,-0.707107,0.158397,-0.471060,0.237132,1.000000
-0.698978,-0.151192,0.698978,-0.106909,0.988504,0.106909,-0.707107,-0.000000,-0.707107,0.163431,-0.472185,0.237132,1.000000
-0.699608,-0.145249,0.699608,-0.102706,0.989395,0.102706,-0.707107,-0.000000,-0.707107,0.168359,-0.473287,0.237132,1.000000
-0.700200,-0.139427,0.700200,-0.098590,0.990232,0.098590,-0.707107,-0.000000,-0.707107,0.173180,-0.474365,0.237132,1.000000
-0.700755,-0.133730,0.700755,-0.094561,0.991018,0.094561,-0.707107,-0.000000,-0.707107,0.177896,-0.475419,0.237132,1.000000
-0.701276,-0.128157,0.701276,-0.090621,0.991754,0.090621,-0.707107,-0.000000,-0.707107,0.182504,-0.476449,0.237132,1.000000
-0.701763,-0.122710,0.701763,-0.086769,0.992443,0.086769,-0.707107,-0.000000,-0.707107,0.187006,-0.477455,0.237132,1.000000
-0.702218,-0.117389,0.702218,-0.083007,0.993086,0.083007,-0.707107,-0.000000,-0.707107,0.191400,-0.478437,0.237132,1.000000
-0.702642,-0.112195,0.702642,-0.079333,0.993686,0.079333,-0.707107,-0.000000,-0.707107,0.195688,-0.479396,0.237132,1.000000
-0.703038,-0.107127,0.703038,-0.075750,0.994245,0.075750,-0.707107,-0.000000,-0.707107,0.199867,-0.480330,0.237132,1.000000
-0.703405,-0.102188,0.703405,-0.072258,0.994765,0.072258,-0.707107,-0.000000,-0.707107,0.203940,-0.481240,0.237132,1.000000
-0.703746,-0.097376,0.703746,-0.068855,0.995248,0.068855,-0.707107,-0.000000,-0.707107,0.207904,-0.482126,0.237132,1.000000
-0.704063,-0.092693,0.704063,-0.065544,0.995695,0.065544,-0.707107,-0.000000,-0.707107,0.211762,-0.482989,0.237132,1.000000
-0.704355,-0.088137,0.704355,-0.062323,0.996108,0.062323,-0.707107,0.000000,-0.707107,0.215512,-0.483827,0.237132,1.000000
-0.704625,-0.083711,0.704625,-0.059192,0.996490,0.059192,-0.707107,0.000000,-0.707107,0.219155,-0.484641,0.237132,1.000000
-0.704874,-0.079412,0.704874,-0.056153,0.996842,0.056153,-0.707107,-0.000000,-0.707107,0.222691,-0.485431,0.237132,1.000000
-0.705102,-0.075242,0.705102,-0.053204,0.997165,0.053204,-0.707107,0.000000,-0.707107,0.226120,-0.486198,0.237132,1.000000
-0.705312,-0.071199,0.705312,-0.050346,0.997462,0.050346,-0.707107,-0.000000,-0.707107,0.229443,-0.486941,0.237132,1.000000
-0.705504,-0.067285,0.705504,-0.047577,0.997734,0.047577,-0.707107,-0.000000,-0.707107,0.232661,-0.487660,0.237132,1.000000
-0.705680,-0.063497,0.705680,-0.044899,0.997982,0.044899,-0.707107,-0.000000,-0.707107,0.235773,-0.488356,0.237132,1.000000
-0.705840,-0.059836,0.705840,-0.042311,0.998208,0.042311,-0.707107,-0.000000,-0.707107,0.238780,-0.489028,0.237132,1.000000
-0.705985,-0.056302,0.705985,-0.039811,0.998414,0.039811,-0.707107,-0.000000,-0.707107,0.241683,-0.489677,0.237132,1.000000
-0.706117,-0.052892,0.706117,-0.037400,0.998600,0.037400,-0.707107,-0.000000,-0.707107,0.244482,-0.490302,0.237132,1.000000
-0.706236,-0.049608,0.706236,-0.035078,0.998769,0.035078,-0.707107,-0.000000,-0.707107,0.247179,-0.490905,0.237132,1.000000
-0.706344,-0.046447,0.706344,-0.032843,0.998921,0.032843,-0.707107,-0.000000,-0.707107,0.249773,-0.491485,0.237132,1.000000
-0.706440,-0.043409,0.706440,-0.030695,0.999057,0.030695,-0.707107,0.000000,-0.707107,0.252267,-0.492042,0.237132,1.000000
-0.706527,-0.040492,0.706527,-0.028632,0.999180,0.028632,-0.707107,-0.000000,-0.707107,0.254660,-0.492577,0.237132,1.000000
-0.706604,-0.037697,0.706604,-0.026656,0.999289,0.026656,-0.707107,0.000000,-0.707107,0.256954,-0.493090,0.237132,1.000000
-0.706673,-0.035020,0.706673,-0.024763,0.999387,0.024763,-0.707107,-0.000000,-0.707107,0.259150,-0.493581,0.237132,1.000000
-0.706734,-0.032462,0.706734,-0.022954,0.999473,0.022954,-0.707107,-0.000000,-0.707107,0.261248,-0.494050,0.237132,1.000000
-0.706788,-0.030020,0.706788,-0.021228,0.999549,0.021228,-0.707107,-0.000000,-0.707107,0.263251,-0.494498,0.237132,1.000000
-0.706836,-0.027694,0.706836,-0.019583,0.999616,0.019583,-0.707107,-0.000000,-0.707107,0.265159,-0.494924,0.237132,1.000000
-0.706877,-0.025481,0.706877,-0.018018,0.999675,0.018018,-0.707107,-0.000000,-0.707107,0.266974,-0.495330,0.237132,1.000000
-0.706913,-0.023380,0.706913,-0.016532,0.999727,0.016532,-0.707107,-0.000000,-0.707107,0.268698,-0.495715,0.237132,1.000000
-0.706945,-0.021389,0.706945,-0.015124,0.999771,0.015124,-0.707107,0.000000,-0.707107,0.270330,-0.496080,0.237132,1.000000
-0.706972,-0.019506,0.706972,-0.013793,0.999810,0.013793,-0.707107,-0.000000,-0.707107,0.271875,-0.496425,0.237132,1.000000
-0.706996,-0.017729,0.706996,-0.012536,0.999843,0.012536,-0.707107,0.000000,-0.707107,0.273332,-0.496751,0.237132,1.000000
-0.707016,-0.016056,0.707016,-0.011354,0.999871,0.011354,-0.707107,-0.000000,-0.707107,0.274703,-0.497057,0.237132,1.000000
-0.707033,-0.014486,0.707033,-0.010243,0.999895,0.010243,-0.707107,-0.000000,-0.707107,0.275991,-0.497345,0.237132,1.000000
-0.707047,-0.013015,0.707047,-0.009203,0.999915,0.009203,-0.707107,0.000000,-0.707107,0.277197,-0.497615,0.237132,1.000000
-0.707059,-0.011641,0.707059,-0.008231,0.999932,0.008231,-0.707107,-0.000000,-0.707107,0.278323,-0.497867,0.237132,1.000000
-0.707069,-0.010362,0.707069,-0.007327,0.999946,0.007327,-0.707107,-0.000000,-0.707107,0.279372,-0.498101,0.237132,1.000000
-0.707077,-0.009176,0.707077,-0.006488,0.999958,0.006488,-0.707107,-0.000000,-0.707107,0.280345,-0.498318,0.237132,1.000000
-0.707084,-0.008079,0.707084,-0.005713,0.999967,0.005713,-0.707107,-0.000000,-0.707107,0.281244,-0.498519,0.237132,1.000000
-0.707089,-0.007069,0.707089,-0.004999,0.999975,0.004999,-0.707107,-0.000000,-0.707107,0.282072,-0.498704,0.237132,1.000000
-0.707093,-0.006144,0.707093,-0.004344,0.999981,0.004344,-0.707107,-0.000000,-0.707107,0.282831,-0.498874,0.237132,1.000000
-0.707097,-0.005299,0.707097,-0.003747,0.999986,0.003747,-0.707107,-0.000000,-0.707107,0.283523,-0.499029,0.237132,1.000000
-0.707100,-0.004533,0.707100,-0.003205,0.999990,0.003205,-0.707107,0.000000,-0.707107,0.284151,-0.499169,0.237132,1.000000
-0.707102,-0.003842,0.707102,-0.002716,0.999993,0.002716,-0.707107,-0.000000,-0.707107,0.284718,-0.499296,0.237132,1.000000
-0.707103,-0.003222,0.707103,-0.002278,0.999995,0.002278,-0.707107,-0.000000,-0.707107,0.285226,-0.499410,0.237132,1.000000
-0.707104,-0.002671,0.707104,-0.001888,0.999996,0.001888,-0.707107,-0.000000,-0.707107,0.285678,-0.499511,0.237132,1.000000
-0.707105,-0.002184,0.707105,-0.001544,0.999998,0.001544,-0.707107,-0.000000,-0.707107,0.286077,-0.499600,0.237132,1.000000
-0.707106,-0.001759,0.707106,-0.001244,0.999998,0.001244,-0.707107,-0.000000,-0.707107,0.286426,-0.499678,0.237132,1.000000
-0.707106,-0.001392,0.707106,-0.000984,0.999999,0.000984,-0.707107,-0.000000,-0.707107,0.286727,-0.499745,0.237132,1.000000
-0.707106,-0.001078,0.707106,-0.000763,0.999999,0.000763,-0.707107,-0.000000,-0.707107,0.286984,-0.499802,0.237132,1.000000
-0.707107,-0.000815,0.707107,-0.000576,1.000000,0.000576,-0.707107,-0.000000,-0.707107,0.287200,-0.499851,0.237132,1.000000
-0.707107,-0.000598,0.707107,-0.000423,1.000000,0.000423,-0.707107,-0.000000,-0.707107,0.287378,-0.499890,0.237132,1.000000
-0.707107,-0.000422,0.707107,-0.000299,1.000000,0.000299,-0.707107,-0.000000,-0.707107,0.287522,-0.499923,0.237132,1.000000
-0.707107,-0.000284,0.707107,-0.000201,1.000000,0.000201,-0.707107,-0.000000,-0.707107,0.287635,-0.499948,0.237132,1.000000
-0.707107,-0.000180,0.707107,-0.000127,1.000000,0.000127,-0.707107,-0.000000,-0.707107,0.287720,-0.499967,0.237132,1.000000
-0.707107,-0.000105,0.707107,-0.000074,1.000000,0.000074,-0.707107,-0.000000,-0.707107,0.287782,-0.499981,0.237132,1.000000
-0.707107,-0.000054,0.707107,-0.000038,1.000000,0.000038,-0.707107,0.000000,-0.707107,0.287824,-0.499990,0.237132,1.000000
-0.707107,-0.000023,0.707107,-0.000016,1.000000,0.000016,-0.707107,0.000000,-0.707107,0.287849,-0.499996,0.237132,1.000000
-0.707107,-0.000007,0.707107,-0.000005,1.000000,0.000005,-0.707107,-0.000000,-0.707107,0.287862,-0.499999,0.237132,1.000000
-0.707107,-0.000001,0.707107,-0.000001,1.000000,0.000001,-0.707107,0.000000,-0.707107,0.287867,-0.500000,0.237132,1.000000
-0.707107,0.000000,0.707107,0.000000,1.000000,-0.000000,-0.707107,-0.000000,-0.707107,0.287868,-0.500000,0.237132,1.000000
-0.707107,0.000000,0.707107,0.000000,1.000000,0.000000,-0.707107,0.000000,-0.707107,0.287868,-0.500000,0.237132,1.000000
-0.707107,0.000000,0.707107,0.000000,1.000000,0.000000,-0.707107,0.000000,-0.707107,0.287877,-0.500000,0.237123,1.000000
-0.707107,0.000000,0.707107,0.000000,1.000000,0.000000,-0.707107,0.000000,-0.707107,0.287941,-0.500000,0.237059,1.000000
-0.707107,0.000000,0.707107,0.000000,1.000000,0.000000,-0.707107,0.000000,-0.707107,0.288108,-0.500000,0.236892,1.000000
-0.707107,0.000000,0.707107,0.000000,1.000000,0.000000,-0.707107,0.000000,-0.707107,0.288423,-0.500000,0.236577,1.000000
-0.707107,0.000000,0.707107,0.000000,1.000000,0.000000,-0.707107,0.000000,-0.707107,0.288923,-0.500000,0.236077,1.000000
-0.707107,0.000000,0.707107,0.000000,1.000000,0.000000,-0.707107,0.000000,-0.707107,0.289645,-0.500000,0.235355,1.000000
-0.707107,0.000000,0.707107,0.000000,1.000000,0.000000,-0.707107,0.000000,-0.707107,0.290615,-0.500000,0.234385,1.000000
-0.707107,0.000000,0.707107,0.000000,1.000000,0.000000,-0.707107,0.000000,-0.707107,0.291860,-0.500000,0.233140,1.000000
-0.707107,0.000000,0.707107,0.000000,1.000000,0.000000,-0.707107,0.000000,-0.707107,0.293400,-0.500000,0.231600,1.000000
-0.707107,0.000000,0.707107,0.000000,1.000000,0.000000,-0.707107,0.000000,-0.707107,0.295250,-0.500000,0.229750,1.000000
-0.707107,0.000000,0.707107,0.000000,1.000000,0.000000,-0.707107,0.000000,-0.707107,0.297423,-0.500000,0.227577,1.000000
-0.707107,0.000000,0.707107,0.000000,1.000000,0.000000,-0.707107,0.000000,-0.707107,0.299927,-0.500000,0.225073,1.000000
-0.707107,0.000000,0.707107,0.000000,1.000000,0.000000,-0.707107,0.000000,-0.707107,0.302767,-0.500000,0.222233,1.000000
-0.707107,0.000000,0.707107,0.000000,1.000000,0.000000,-0.707107,0.000000,-0.707107,0.305944,-0.500000,0.219056,1.000000
-0.707107,0.000000,0.707107,0.000000,1.000000,0.000000,-0.707107,0.000000,-0.707107,0.309456,-0.500000,0.215544,1.000000
-0.707107,0.000000,0.707107,0.000000,1.000000,0.000000,-0.707107,0.000000,-0.707107,0.313299,-0.500000,0.211701,1.000000
-0.707107,0.000000,0.707107,0.000000,1.000000,0.000000,-0.707107,0.000000,-0.707107,0.317465,-0.500000,0.207535,1.000000
-0.707107,0.000000,0.707107,0.000000,1.000000,0.000000,-0.707107,0.000000,-0.707107,0.321942,-0.500000,0.203058,1.000000
-0.707107,0.000000,0.707107,0.000000,1.000000,0.000000,-0.707107,0.000000,-0.707107,0.326718,-0.500000,0.198282,1.000000
-0.707107,0.000000,0.707107,0.000000,1.000000,0.000000,-0.707107,0.000000,-0.707107,0.331777,-0.500000,0.193223,1.000000
-0.707107,0.000000,0.707107,0.000000,1.000000,0.000000,-0.707107,0.000000,-0.707107,0.337103,-0.500000,0.187897,1.000000
-0.707107,0.000000,0.707107,0.000000,1.000000,0.000000,-0.707107,0.000000,-0.707107,0.342675,-0.500000,0.182325,1.000000
-0.707107,0.000000,0.707107,0.000000,1.000000,0.000000,-0.707107,0.000000,-0.707107,0.348472,-0.500000,0.176528,1.000000
-0.707107,0.000000,0.707107,0.000000,1.000000,0.000000,-0.707107,0.000000,-0.707107,0.354472,-0.500000,0.170528,1.000000
-0.707107,0.000000,0.707107,0.000000,1.000000,0.000000,-0.707107,0.000000,-0.707107,0.360650,-0.500000,0.164350,1.000000
-0.707107,0.000000,0.707107,0.000000,1.000000,0.000000,-0.707107,0.000000,-0.707107,0.366981,-0.500000,0.158019,1.000000
-0.707107,0.000000,0.707107,0.000000,1.000000,0.000000,-0.707107,0.000000,-0.707107,0.373438,-0.500000,0.151562,1.000000
-0.707107,0.000000,0.707107,0.000000,1.000000,0.000000,-0.707107,0.000000,-0.707107,0.379995,-0.500000,0.145005,1.000000
-0.707107,0.000000,0.707107,0.000000,1.000000,0.000000,-0.707107,0.000000,-0.707107,0.386623,-0.500000,0.138377,1.000000
-0.707107,0.000000,0.707107,0.000000,1.000000,0.000000,-0.707107,0.000000,-0.707107,0.393294,-0.500000,0.131706,1.000000
-0.707107,0.000000,0.707107,0.000000,1.000000,0.000000,-0.707107,0.000000,-0.707107,0.399979,-0.500000,0.125021,1.000000
-0.707107,0.000000,0.707107,0.000000,1.000000,0.000000,-0.707107,0.000000,-0.707107,0.406651,-0.500000,0.118349,1.000000
-0.707107,0.000000,0.707107,0.000000,1.000000,0.000000,-0.707107,0.000000,-0.707107,0.413279,-0.500000,0.111721,1.000000
-0.707107,0.000000,0.707107,0.000000,1.000000,0.000000,-0.707107,0.000000,-0.707107,0.419835,-0.500000,0.105165,1.000000
-0.707107,0.000000,0.707107,0.000000,1.000000,0.000000,-0.707107,0.000000,-0.707107,0.426293,-0.500000,0.098707,1.000000
-0.707107,0.000000,0.707107,0.000000,1.000000,0.000000,-0.707107,0.000000,-0.707107,0.432624,-0.500000,0.092376,1.000000
-0.707107,0.000000,0.707107,0.000000,1.000000,0.000000,-0.707107,0.000000,-0.707107,0.438802,-0.500000,0.086198,1.000000
-0.707107,0.000000,0.707107,0.000000,1.000000,0.000000,-0.707107,0.000000,-0.707107,0.444801,-0.500000,0.080199,1.000000
-0.707107,0.000000,0.707107,0.000000,1.000000,0.000000,-0.707107,0.000000,-0.707107,0.450599,-0.500000,0.074401,1.000000
-0.707107,0.000000,0.707107,0.000000,1.000000,0.000000,-0.707107,0.000000,-0.707107,0.456171,-0.500000,0.068829,1.000000
-0.707107,0.000000,0.707107,0.000000,1.000000,0.000000,-0.707107,0.000000,-0.707107,0.461496,-0.500000,0.063504,1.000000
-0.707107,0.000000,0.707107,0.000000,1.000000,0.000000,-0.707107,0.000000,-0.707107,0.466556,-0.500000,0.058444,1.000000
-0.707107,0.000000,0.707107,0.000000,1.000000,0.000000,-0.707107,0.000000,-0.707107,0.471332,-0.500000,0.053668,1.000000
-0.707107,0.000000,0.707107,0.000000,1.000000,0.000000,-0.707107,0.000000,-0.707107,0.475809,-0.500000,0.049191,1.000000
-0.707107,0.000000,0.707107,0.000000,1.000000,0.000000,-0.707107,0.000000,-0.707107,0.479974,-0.500000,0.045026,1.000000
-0.707107,0.000000,0.707107,0.000000,1.000000,0.000000,-0.707107,0.000000,-0.707107,0.483817,-0.500000,0.041183,1.000000
-0.707107,0.000000,0.707107,0.000000,1.000000,0.000000,-0.707107,0.000000,-0.707107,0.487330,-0.500000,0.037670,1.000000
-0.707107,0.000000,0.707107,0.000000,1.000000,0.000000,-0.707107,0.000000,-0.707107,0.490507,-0.500000,0.034493,1.000000
-0.707107,0.000000,0.707107,0.000000,1.000000,0.000000,-0.707107,0.000000,-0.707107,0.493347,-0.500000,0.031653,1.000000
-0.707107,0.000000,0.707107,0.000000,1.000000,0.000000,-0.707107,0.000000,-0.707107,0.495851,-0.500000,0.029149,1.000000
-0.707107,0.000000,0.707107,0.000000,1.000000,0.000000,-0.707107,0.000000,-0.707107,0.498024,-0.500000,0.026976,1.000000
-0.707107,0.000000,0.707107,0.000000,1.000000,0.000000,-0.707107,0.000000,-0.707107,0.499874,-0.500000,0.025126,1.000000
-0.707107,0.000000,0.707107,0.000000,1.000000,0.000000,-0.707107,0.000000,-0.707107,0.501413,-0.500000,0.023587,1.000000
-0.707107,0.000000,0.707107,0.000000,1.000000,0.000000,-0.707107,0.000000,-0.707107,0.502658,-0.500000,0.022342,1.000000
-0.707107,0.000000,0.707107,0.000000,1.000000,0.000000,-0.707107,0.000000,-0.707107,0.503629,-0.500000,0.021371,1.000000
-0.707107,0.000000,0.707107,0.000000,1.000000,0.000000,-0.707107,0.000000,-0.707107,0.504350,-0.500000,0.020650,1.000000
-0.707107,0.000000,0.707107,0.000000,1.000000,0.000000,-0.707107,0.000000,-0.707107,0.504851,-0.500000,0.020149,1.000000
-0.707107,0.000000,0.707107,0.000000,1.000000,0.000000,-0.707107,0.000000,-0.707107,0.505166,-0.500000,0.019834,1.000000
-0.707107,0.000000,0.707107,0.000000,1.000000,0.000000,-0.707107,0.000000,-0.707107,0.505333,-0.500000,0.019667,1.000000
-0.707107,0.000000,0.707107,0.000000,1.000000,0.000000,-0.707107,0.000000,-0.707107,0.505396,-0.500000,0.019604,1.000000
-0.707107,0.000000,0.707107,0.000000,1.000000,0.000000,-0.707107,0.000000,-0.707107,0.505406,-0.500000,0.019594,0.000000
-0.707107,0.000000,0.707107,0.000000,1.000000,0.000000,-0.707107,0.000000,-0.707107,0.505406,-0.500000,0.019594,0.000000
-0.707107,0.000000,0.707107,0.000000,1.000000,0.000000,-0.707107,0.000000,-0.707107,0.505406,-0.500000,0.019594,0.000000
-0.707107,0.000000,0.707107,0.000000,1.000000,0.000000,-0.707107,0.000000,-0.707107,0.505406,-0.500000,0.019594,0.000000
-0.707107,0.000000,0.707107,0.000000,1.000000,0.000000,-0.707107,0.000000,-0.707107,0.505406,-0.500000,0.019594,0.000000
-0.707107,0.000000,0.707107,0.000000,1.000000,0.000000,-0.707107,0.000000,-0.707107,0.505406,-0.500000,0.019594,0.000000
-0.707107,0.000000,0.707107,0.000000,1.000000,0.000000,-0.707107,0.000000,-0.707107,0.505406,-0.500000,0.019594,0.000000
-0.707107,0.000000,0.707107,0.000000,1.000000,0.000000,-0.707107,0.000000,-0.707107,0.505406,-0.500000,0.019594,0.000000
-0.707107,0.000000,0.707107,0.000000,1.000000,0.000000,-0.707107,0.000000,-0.707107,0.505406,-0.500000,0.019594,0.000000
-0.707107,0.000000,0.707107,0.000000,1.000000,0.000000,-0.707107,0.000000,-0.707107,0.505406,-0.500000,0.019594,0.000000
-0.707107,0.000000,0.707107,0.000000,1.000000,0.000000,-0.707107,0.000000,-0.707107,0.505406,-0.500000,0.019594,0.000000
-0.707107,0.000000,0.707107,0.000000,1.000000,0.000000,-0.707107,0.000000,-0.707107,0.505406,-0.500000,0.019594,0.000000
-0.707107,0.000000,0.707107,0.000000,1.000000,0.000000,-0.707107,0.000000,-0.707107,0.505406,-0.500000,0.019594,0.000000
-0.707107,0.000000,0.707107,0.000000,1.000000,0.000000,-0.707107,0.000000,-0.707107,0.505406,-0.500000,0.019594,0.000000
-0.707107,0.000000,0.707107,0.000000,1.000000,0.000000,-0.707107,0.000000,-0.707107,0.505406,-0.500000,0.019594,0.000000
-0.707107,0.000000,0.707107,0.000000,1.000000,0.000000,-0.707107,0.000000,-0.707107,0.505406,-0.500000,0.019594,0.000000
-0.707107,0.000000,0.707107,0.000000,1.000000,0.000000,-0.707107,0.000000,-0.707107,0.505406,-0.500000,0.019594,0.000000
-0.707107,0.000000,0.707107,0.000000,1.000000,0.000000,-0.707107,0.000000,-0.707107,0.505406,-0.500000,0.019594,0.000000
-0.707107,0.000000,0.707107,0.000000,1.000000,0.000000,-0.707107,0.000000,-0.707107,0.505406,-0.500000,0.019594,0.000000
-0.707107,0.000000,0.707107,0.000000,1.000000,0.000000,-0.707107,0.000000,-0.707107,0.505406,-0.500000,0.019594,0.000000
-0.707107,0.000000,0.707107,0.000000,1.000000,0.000000,-0.707107,0.000000,-0.707107,0.505406,-0.500000,0.019594,0.000000
-0.707107,0.000000,0.707107,0.000000,1.000000,0.000000,-0.707107,0.000000,-0.707107,0.505406,-0.500000,0.019594,0.000000
-0.707107,0.000000,0.707107,0.000000,1.000000,0.000000,-0.707107,0.000000,-0.707107,0.505406,-0.500000,0.019594,0.000000
-0.707107,0.000000,0.707107,0.000000,1.000000,0.000000,-0.707107,0.000000,-0.707107,0.505406,-0.500000,0.019594,0.000000
-0.707107,0.000000,0.707107,0.000000,1.000000,0.000000,-0.707107,0.000000,-0.707107,0.505406,-0.500000,0.019594,0.000000
-0.707107,0.000000,0.707107,0.000000,1.000000,0.000000,-0.707107,0.000000,-0.707107,0.505406,-0.500000,0.019594,0.000000
-0.707107,0.000000,0.707107,0.000000,1.000000,0.000000,-0.707107,0.000000,-0.707107,0.505406,-0.500000,0.019594,0.000000
-0.707107,0.000000,0.707107,0.000000,1.000000,0.000000,-0.707107,0.000000,-0.707107,0.505406,-0.500000,0.019594,0.000000
-0.707107,0.000000,0.707107,0.000000,1.000000,0.000000,-0.707107,0.000000,-0.707107,0.505406,-0.500000,0.019594,0.000000
-0.707107,0.000000,0.707107,0.000000,1.000000,0.000000,-0.707107,0.000000,-0.707107,0.505406,-0.500000,0.019594,0.000000
-0.707107,0.000000,0.707107,0.000000,1.000000,0.000000,-0.707107,0.000000,-0.707107,0.505406,-0.500000,0.019594,0.000000
-0.707107,0.000000,0.707107,0.000000,1.000000,0.000000,-0.707107,0.000000,-0.707107,0.505406,-0.500000,0.019594,0.000000
-0.707107,0.000000,0.707107,0.000000,1.000000,0.000000,-0.707107,0.000000,-0.707107,0.505406,-0.500000,0.019594,0.000000
-0.707107,0.000000,0.707107,0.000000,1.000000,0.000000,-0.707107,0.000000,-0.707107,0.505406,-0.500000,0.019594,0.000000
-0.707107,0.000000,0.707107,0.000000,1.000000,0.000000,-0.707107,0.000000,-0.707107,0.505406,-0.500000,0.019594,0.000000
-0.707107,0.000000,0.707107,0.000000,1.000000,0.000000,-0.707107,0.000000,-0.707107,0.505406,-0.500000,0.019594,0.000000
-0.707107,0.000000,0.707107,0.000000,1.000000,0.000000,-0.707107,0.000000,-0.707107,0.505406,-0.500000,0.019594,0.000000
-0.707107,0.000000,0.707107,0.000000,1.000000,0.000000,-0.707107,0.000000,-0.707107,0.505406,-0.500000,0.019594,0.000000
-0.707107,0.000000,0.707107,0.000000,1.000000,0.000000,-0.707107,0.000000,-0.707107,0.505406,-0.500000,0.019594,0.000000
-0.707107,0.000000,0.707107,0.000000,1.000000,0.000000,-0.707107,0.000000,-0.707107,0.505406,-0.500000,0.019594,0.000000
-0.707107,0.000000,0.707107,0.000000,1.000000,0.000000,-0.707107,0.000000,-0.707107,0.505406,-0.500000,0.019594,0.000000
-0.707107,0.000000,0.707107,0.000000,1.000000,0.000000,-0.707107,0.000000,-0.707107,0.505406,-0.500000,0.019594,0.000000
-0.707107,0.000000,0.707107,0.000000,1.000000,0.000000,-0.707107,0.000000,-0.707107,0.505406,-0.500000,0.019594,0.000000
-0.707107,0.000000,0.707107,0.000000,1.000000,0.000000,-0.707107,0.000000,-0.707107,0.505406,-0.500000,0.019594,0.000000
-0.707107,0.000000,0.707107,0.000000,1.000000,0.000000,-0.707107,0.000000,-0.707107,0.505406,-0.500000,0.019594,0.000000
-0.707107,0.000000,0.707107,0.000000,1.000000,0.000000,-0.707107,0.000000,-0.707107,0.505406,-0.500000,0.019594,0.000000
-0.707107,0.000000,0.707107,0.000000,1.000000,0.000000,-0.707107,0.000000,-0.707107,0.505406,-0.500000,0.019594,0.000000
-0.707107,0.000000,0.707107,0.000000,1.000000,0.000000,-0.707107,0.000000,-0.707107,0.505406,-0.500000,0.019594,0.000000
-0.707107,0.000000,0.707107,0.000000,1.000000,0.000000,-0.707107,0.000000,-0.707107,0.505406,-0.500000,0.019594,0.000000
-0.707107,0.000000,0.707107,0.000000,1.000000,0.000000,-0.707107,0.000000,-0.707107,0.505406,-0.500000,0.019594,0.000000
-0.707107,0.000000,0.707107,0.000000,1.000000,0.000000,-0.707107,0.000000,-0.707107,0.505406,-0.500000,0.019594,0.000000
-0.707107,0.000000,0.707107,0.000000,1.000000,0.000000,-0.707107,0.000000,-0.707107,0.505406,-0.500000,0.019594,0.000000
-0.707107,0.000000,0.707107,0.000000,1.000000,0.000000,-0.707107,0.000000,-0.707107,0.505406,-0.500000,0.019594,0.000000
-0.707107,0.000000,0.707107,0.000000,1.000000,0.000000,-0.707107,0.000000,-0.707107,0.505406,-0.500000,0.019594,0.000000
-0.707107,0.000000,0.707107,0.000000,1.000000,0.000000,-0.707107,0.000000,-0.707107,0.505406,-0.500000,0.019594,0.000000
-0.707107,0.000000,0.707107,0.000000,1.000000,0.000000,-0.707107,0.000000,-0.707107,0.505406,-0.500000,0.019594,0.000000
-0.707107,0.000000,0.707107,0.000000,1.000000,0.000000,-0.707107,0.000000,-0.707107,0.505406,-0.500000,0.019594,0.000000
-0.707107,0.000000,0.707107,0.000000,1.000000,0.000000,-0.707107,0.000000,-0.707107,0.505406,-0.500000,0.019594,0.000000
-0.707107,0.000000,0.707107,0.000000,1.000000,0.000000,-0.707107,0.000000,-0.707107,0.505406,-0.500000,0.019594,0.000000
-0.707107,0.000000,0.707107,0.000000,1.000000,0.000000,-0.707107,0.000000,-0.707107,0.505406,-0.500000,0.019594,0.000000
-0.707107,0.000000,0.707107,0.000000,1.000000,0.000000,-0.707107,0.000000,-0.707107,0.505406,-0.500000,0.019594,0.000000
-0.707107,0.000000,0.707107,0.000000,1.000000,0.000000,-0.707107,0.000000,-0.707107,0.505406,-0.500000,0.019594,0.000000
-0.707107,0.000000,0.707107,0.000000,1.000000,0.000000,-0.707107,0.000000,-0.707107,0.505406,-0.500000,0.019594,0.000000
-0.707107,0.000000,0.707107,0.000000,1.000000,0.000000,-0.707107,0.000000,-0.707107,0.505406,-0.500000,0.019594,0.000000
